planner,x,y,s,k,
GPNoCur,20.0002,-1.97088e-07,20.0002,-1.77113e-06,
GPNoCur,20.2002,-0.00023025,20.2002,-0.0335361,
GPNoCur,20.4002,-0.00178953,20.4002,-0.0633833,
GPNoCur,20.6002,-0.00587309,20.6002,-0.0896391,
GPNoCur,20.8002,-0.0135354,20.8002,-0.112339,
GPNoCur,21.0002,-0.0256967,21.0002,-0.13147,
GPNoCur,21.2002,-0.0431492,21.2002,-0.147002,
GPNoCur,21.4002,-0.0665636,21.4002,-0.158924,
GPNoCur,21.6002,-0.0964952,21.6002,-0.167275,
GPNoCur,21.8002,-0.13339,21.8002,-0.172176,
GPNoCur,22.0002,-0.177592,22.0002,-0.173839,
GPNoCur,22.2002,-0.229348,22.2002,-0.172568,
GPNoCur,22.4002,-0.288815,22.4002,-0.168741,
GPNoCur,22.6002,-0.356065,22.6002,-0.162786,
GPNoCur,22.8002,-0.431096,22.8002,-0.155149,
GPNoCur,23.0002,-0.513831,23.0002,-0.146269,
GPNoCur,23.2002,-0.60413,23.2002,-0.136552,
GPNoCur,23.4002,-0.701794,23.4002,-0.126354,
GPNoCur,23.6002,-0.806572,23.6002,-0.116112,
GPNoCur,23.8002,-0.918176,23.8002,-0.106085,
GPNoCur,24.0002,-1.03629,24.0002,-0.0962831,
GPNoCur,24.2002,-1.16055,24.2002,-0.0867995,
GPNoCur,24.4002,-1.2906,24.4002,-0.0776933,
GPNoCur,24.6002,-1.42601,24.6002,-0.0689973,
GPNoCur,24.8002,-1.56638,24.8002,-0.0607231,
GPNoCur,25.0002,-1.71125,25.0002,-0.0528662,
GPNoCur,25.2002,-1.86015,25.2002,-0.0454106,
GPNoCur,25.4002,-2.01262,25.4002,-0.0383326,
GPNoCur,25.6002,-2.16818,25.6002,-0.0316036,
GPNoCur,25.8002,-2.32633,25.8002,-0.0251926,
GPNoCur,26.0002,-2.48659,26.0002,-0.0190681,
GPNoCur,26.2002,-2.64847,26.2002,-0.0132,
GPNoCur,26.4002,-2.81147,26.4002,-0.00756039,
GPNoCur,26.6002,-2.97513,26.6002,-0.00212512,
GPNoCur,26.8002,-3.13897,26.8002,0.00312546,
GPNoCur,27.0002,-3.30254,27.0002,0.0082054,
GPNoCur,27.2002,-3.46541,27.2002,0.0129544,
GPNoCur,27.4002,-3.62718,27.4002,0.0173436,
GPNoCur,27.6002,-3.78748,27.6002,0.0214259,
GPNoCur,27.8002,-3.94599,27.8002,0.0252464,
GPNoCur,28.0002,-4.10242,28.0002,0.0288435,
GPNoCur,28.2002,-4.25651,28.2002,0.0322515,
GPNoCur,28.4002,-4.40803,28.4002,0.0355015,
GPNoCur,28.6002,-4.55678,28.6002,0.0386231,
GPNoCur,28.8002,-4.70256,28.8002,0.0416453,
GPNoCur,29.0002,-4.84523,29.0002,0.0445974,
GPNoCur,29.2002,-4.98463,29.2002,0.0475104,
GPNoCur,29.4002,-5.12063,29.4002,0.0504172,
GPNoCur,29.6002,-5.25311,29.6002,0.0533538,
GPNoCur,29.8002,-5.38195,29.8002,0.0563596,
GPNoCur,30.0002,-5.50704,30.0002,0.0594786,
GPNoCur,30.2002,-5.62828,30.2002,0.0627592,
GPNoCur,30.4002,-5.74555,30.4002,0.0662553,
GPNoCur,30.6002,-5.85875,30.6002,0.0720085,
GPNoCur,30.8002,-5.96762,30.8002,0.0816003,
GPNoCur,31.0002,-6.07173,31.0002,0.0936645,
GPNoCur,31.2002,-6.17055,31.2002,0.108341,
GPNoCur,31.4002,-6.26345,31.4002,0.125786,
GPNoCur,31.6002,-6.34972,31.6002,0.146151,
GPNoCur,31.8002,-6.42858,31.8002,0.169548,
GPNoCur,32.0002,-6.49917,32.0002,0.195989,
GPNoCur,32.2002,-6.5606,32.2002,0.225302,
GPNoCur,32.4002,-6.61192,32.4002,0.257014,
GPNoCur,32.6002,-6.65213,32.6002,0.29022,
GPNoCur,32.8002,-6.68021,32.8002,0.323466,
GPNoCur,33.0002,-6.69512,33.0002,0.354694,
GPNoCur,33.2002,-6.69581,33.2002,0.381338,
GPNoCur,33.4002,-6.68122,33.4002,0.400639,
GPNoCur,33.6002,-6.6503,33.6002,0.41016,
GPNoCur,33.8002,-6.602,33.8002,0.4084,
GPNoCur,34.0002,-6.53533,34.0002,0.395256,
GPNoCur,34.2002,-6.44924,34.2002,0.374652,
GPNoCur,34.4002,-6.34271,34.4002,0.34272,
GPNoCur,34.6002,-6.21487,34.6002,0.304353,
GPNoCur,34.8002,-6.0651,34.8002,0.264012,
GPNoCur,35.0002,-5.89304,35.0002,0.225009,
GPNoCur,35.2002,-5.69853,35.2002,0.189358,
GPNoCur,35.4002,-5.48168,35.4002,0.157976,
GPNoCur,35.6002,-5.24283,35.6002,0.131022,
GPNoCur,35.8002,-4.98255,35.8002,0.108211,
GPNoCur,36.0002,-4.70165,36.0002,0.0890453,
GPNoCur,36.2002,-4.4012,36.2002,0.072959,
GPNoCur,36.4002,-4.08246,36.4002,0.0593985,
GPNoCur,36.6002,-3.74698,36.6002,0.0478581,
GPNoCur,36.8002,-3.3965,36.8002,0.0378889,
GPNoCur,37.0002,-3.03305,37.0002,0.029095,
GPNoCur,37.2002,-2.65884,37.2002,0.0211201,
GPNoCur,37.4002,-2.27635,37.4002,0.0136301,
GPNoCur,37.6002,-1.88828,37.6002,0.00662136,
GPNoCur,37.8002,-1.49742,37.8002,0.00031721,
GPNoCur,38.0002,-1.10641,38.0002,-0.00571668,
GPNoCur,38.2002,-0.717801,38.2002,-0.0117289,
GPNoCur,38.4002,-0.334019,38.4002,-0.0179466,
GPNoCur,38.6002,0.0426428,38.6002,-0.0245916,
GPNoCur,38.8002,0.410032,38.8002,-0.0318931,
GPNoCur,39.0002,0.76615,39.0002,-0.0400975,
GPNoCur,39.2002,1.10916,39.2002,-0.0494762,
GPNoCur,39.4002,1.43741,39.4002,-0.0603295,
GPNoCur,39.6002,1.74943,39.6002,-0.0729834,
GPNoCur,39.8002,2.04394,39.8002,-0.0877765,
GPNoCur,40.0002,2.3199,40.0002,-0.105027,
GPNoCur,40.2002,2.57647,40.2002,-0.12497,
GPNoCur,40.4002,2.81305,40.4002,-0.147659,
GPNoCur,40.6002,3.02929,40.6002,-0.172807,
GPNoCur,40.8002,3.2251,40.8002,-0.199595,
GPNoCur,41.0002,3.40066,41.0002,-0.226463,
GPNoCur,41.2002,3.5565,41.2002,-0.244823,
GPNoCur,41.4002,3.69373,41.4002,-0.258997,
GPNoCur,41.6002,3.81358,41.6002,-0.267564,
GPNoCur,41.8002,3.91736,41.8002,-0.26953,
GPNoCur,42.0002,4.00641,42.0002,-0.264528,
GPNoCur,42.2002,4.08209,42.2002,-0.252871,
GPNoCur,42.4002,4.14578,42.4002,-0.235459,
GPNoCur,42.6002,4.19883,42.6002,-0.21359,
GPNoCur,42.8002,4.24257,42.8002,-0.188723,
GPNoCur,43.0002,4.27832,43.0002,-0.16229,
GPNoCur,43.2002,4.30731,43.2002,-0.135569,
GPNoCur,43.4002,4.33074,43.4002,-0.109628,
GPNoCur,43.6002,4.3497,43.6002,-0.0853324,
GPNoCur,43.8002,4.3652,43.8002,-0.0633726,
GPNoCur,44.0002,4.37814,44.0002,-0.0443121,
GPNoCur,44.2002,4.38928,44.2002,-0.0286286,
GPNoCur,44.4002,4.39926,44.4002,-0.0167467,
GPNoCur,44.6002,4.40855,44.6002,-0.0108589,
GPNoCur,44.8002,4.4174,44.8002,-0.00805718,
GPNoCur,45.0002,4.42593,45.0002,-0.00554027,
GPNoCur,45.2002,4.43423,45.2002,-0.00334334,
GPNoCur,45.4002,4.4424,45.4002,-0.00150129,
GPNoCur,45.6002,4.45051,45.6002,-4.88692e-05,
GPNoCur,45.8002,4.45861,45.8002,0.000979364,
GPNoCur,46.0002,4.46675,46.0002,0.00154896,
GPNoCur,46.2002,4.47495,46.2002,0.00162558,
GPNoCur,46.4002,4.48322,46.4002,0.00117491,
GPNoCur,46.6002,4.49152,46.6002,0.000162624,
GPNoCur,46.8002,4.49984,46.8002,-0.0014457,
GPNoCur,47.0002,4.50809,47.0002,-0.00368468,
GPNoCur,47.2002,4.5162,47.2002,-0.00658922,
GPNoCur,47.4002,4.52403,47.4002,-0.0101946,
GPNoCur,47.6002,4.53146,47.6002,-0.0145365,
GPNoCur,47.8002,4.5383,47.8002,-0.019651,
GPNoCur,48.0002,4.54435,48.0002,-0.0255739,
GPNoCur,48.2002,4.54933,48.2002,-0.0399051,
GPNoCur,48.4002,4.5527,48.4002,-0.0551816,
GPNoCur,48.6002,4.55386,48.6002,-0.0711601,
GPNoCur,48.8002,4.55218,48.8002,-0.0875705,
GPNoCur,49.0002,4.54699,49.0002,-0.104107,
GPNoCur,49.2002,4.53763,49.2002,-0.12042,
GPNoCur,49.4002,4.52343,49.4002,-0.136115,
GPNoCur,49.6002,4.50372,49.6002,-0.150756,
GPNoCur,49.8002,4.47787,49.8002,-0.163884,
GPNoCur,50.0002,4.44526,50.0002,-0.175038,
GPNoCur,50.2002,4.40531,50.2002,-0.183793,
GPNoCur,50.4002,4.35747,50.4002,-0.1898,
GPNoCur,50.6002,4.30126,50.6002,-0.192822,
GPNoCur,50.8002,4.23627,50.8002,-0.192763,
GPNoCur,51.0002,4.16213,51.0002,-0.189683,
GPNoCur,51.2002,4.07858,51.2002,-0.183789,
GPNoCur,51.4002,3.98543,51.4002,-0.175411,
GPNoCur,51.6002,3.8826,51.6002,-0.164806,
GPNoCur,51.8002,3.77012,51.8002,-0.153062,
GPNoCur,52.0002,3.64811,52.0002,-0.140966,
GPNoCur,52.2002,3.51675,52.2002,-0.12886,
GPNoCur,52.4002,3.37628,52.4002,-0.117005,
GPNoCur,52.6002,3.227,52.6002,-0.105584,
GPNoCur,52.8002,3.06926,52.8002,-0.0947175,
GPNoCur,53.0002,2.90346,53.0002,-0.0844724,
GPNoCur,53.2002,2.73004,53.2002,-0.0748729,
GPNoCur,53.4002,2.54949,53.4002,-0.0659123,
GPNoCur,53.6002,2.36234,53.6002,-0.0575616,
GPNoCur,53.8001,2.16912,53.8002,-0.049777,
GPNoCur,54.0001,1.97045,54.0002,-0.0425049,
GPNoCur,54.2001,1.76692,54.2002,-0.0356863,
GPNoCur,54.4001,1.55918,54.4002,-0.0292598,
GPNoCur,54.6001,1.34788,54.6002,-0.0231629,
GPNoCur,54.8001,1.1337,54.8002,-0.0173338,
GPNoCur,55.0001,0.917319,55.0002,-0.0117117,
GPNoCur,55.2001,0.699418,55.2002,-0.00675119,
GPNoCur,55.4001,0.480641,55.4002,-0.00179075,
GPNoCur,55.6001,0.261631,55.6002,0.00321245,
GPNoCur,55.8001,0.0430401,55.8002,0.0083041,
GPNoCur,56.0001,-0.174474,56.0002,0.0135327,
GPNoCur,56.2001,-0.390253,56.2002,0.0189497,
GPNoCur,56.4001,-0.603638,56.4002,0.0246089,
GPNoCur,56.6001,-0.813979,56.6002,0.0305668,
GPNoCur,56.8001,-1.02063,56.8002,0.0368822,
GPNoCur,57.0001,-1.22297,57.0002,0.0436153,
GPNoCur,57.2001,-1.42037,57.2002,0.0508263,
GPNoCur,57.4001,-1.61225,57.4002,0.0585744,
GPNoCur,57.6001,-1.79803,57.6002,0.066914,
GPNoCur,57.8001,-1.97717,57.8002,0.0758917,
GPNoCur,58.0001,-2.14916,58.0002,0.0855402,
GPNoCur,58.2001,-2.31351,58.2002,0.0958718,
GPNoCur,58.4001,-2.46979,58.4002,0.106869,
GPNoCur,58.6001,-2.6176,58.6002,0.119341,
GPNoCur,58.8001,-2.75651,58.8002,0.132694,
GPNoCur,59.0001,-2.88616,59.0002,0.145686,
GPNoCur,59.2001,-3.00627,59.2002,0.158023,
GPNoCur,59.4001,-3.11666,59.4002,0.169353,
GPNoCur,59.6001,-3.21727,59.6002,0.179291,
GPNoCur,59.8001,-3.30812,59.8002,0.187445,
GPNoCur,60.0001,-3.3893,60.0002,0.193457,
GPNoCur,60.2001,-3.46099,60.2002,0.197037,
GPNoCur,60.4001,-3.52345,60.4002,0.197995,
GPNoCur,60.6001,-3.57697,60.6002,0.196269,
GPNoCur,60.8001,-3.62192,60.8002,0.191923,
GPNoCur,61.0001,-3.65872,61.0002,0.185144,
GPNoCur,61.2001,-3.68781,61.2002,0.176222,
GPNoCur,61.4001,-3.70968,61.4002,0.165514,
GPNoCur,61.6001,-3.72485,61.6002,0.153414,
GPNoCur,61.8001,-3.73385,61.8002,0.140328,
GPNoCur,62.0001,-3.73723,62.0002,0.126639,
GPNoCur,62.2001,-3.73553,62.2002,0.115175,
GPNoCur,62.4001,-3.72922,62.4002,0.104262,
GPNoCur,62.6001,-3.71872,62.6002,0.0939744,
GPNoCur,62.8001,-3.70444,62.8002,0.0843587,
GPNoCur,63.0001,-3.68675,63.0002,0.0754391,
GPNoCur,63.2001,-3.666,63.2002,0.0672247,
GPNoCur,63.4001,-3.6425,63.4002,0.0597131,
GPNoCur,63.6001,-3.61657,63.6002,0.0528943,
GPNoCur,63.8001,-3.58845,63.8002,0.0467538,
GPNoCur,64.0001,-3.55841,64.0002,0.0412743,
GPNoCur,64.2001,-3.52665,64.2002,0.0364374,
GPNoCur,64.4001,-3.49337,64.4002,0.0322244,
GPNoCur,64.6001,-3.45875,64.6002,0.0286173,
GPNoCur,64.8001,-3.42292,64.8002,0.0255989,
GPNoCur,65.0001,-3.38602,65.0002,0.0231529,
GPNoCur,65.2001,-3.34814,65.2002,0.0212642,
GPNoCur,65.4001,-3.30936,65.4002,0.0199184,
GPNoCur,65.6001,-3.26974,65.6002,0.0188353,
GPNoCur,65.8001,-3.22932,65.8002,0.0177737,
GPNoCur,66.0001,-3.18814,66.0002,0.0169032,
GPNoCur,66.2001,-3.14624,66.2002,0.016202,
GPNoCur,66.4001,-3.10365,66.4002,0.0156481,
GPNoCur,66.6001,-3.06038,66.6002,0.0152201,
GPNoCur,66.8001,-3.01647,66.8002,0.0148966,
GPNoCur,67.0001,-2.97191,67.0002,0.0146568,
GPNoCur,67.2001,-2.92672,67.2002,0.0144796,
GPNoCur,67.4001,-2.88091,67.4002,0.0143446,
GPNoCur,67.6001,-2.83448,67.6002,0.0142314,
GPNoCur,67.8001,-2.78743,67.8002,0.0141197,
GPNoCur,68.0001,-2.73977,68.0002,0.0139894,
GPNoCur,68.2001,-2.6915,68.2002,0.013821,
GPNoCur,68.4001,-2.64263,68.4002,0.0135946,
GPNoCur,68.6001,-2.59316,68.6002,0.013291,
GPNoCur,68.8001,-2.54311,68.8002,0.012891,
GPNoCur,69.0001,-2.4925,69.0002,0.0123755,
GPNoCur,69.2001,-2.44135,69.2002,0.0115518,
GPNoCur,69.4001,-2.38968,69.4002,0.010646,
GPNoCur,69.6001,-2.33755,69.6002,0.00966506,
GPNoCur,69.8001,-2.28499,69.8002,0.00861559,
GPNoCur,70.0001,-2.23205,70.0002,0.00750409,
GPNoCur,70.2001,-2.17878,70.2002,0.00633689,
GPNoCur,70.4001,-2.12523,70.4002,0.00512016,
GPNoCur,70.6001,-2.07145,70.6002,0.00385992,
GPNoCur,70.8001,-2.0175,70.8002,0.00256205,
GPNoCur,71.0001,-1.96343,71.0002,0.00123231,
GPNoCur,71.2001,-1.90931,71.2002,-0.000123611,
GPNoCur,71.4001,-1.8552,71.4002,-0.00150012,
GPNoCur,71.6001,-1.80115,71.6002,-0.00289165,
GPNoCur,71.8001,-1.74723,71.8002,-0.00429267,
GPNoCur,72.0001,-1.69351,72.0002,-0.00569763,
GPNoCur,72.2001,-1.64003,72.2002,-0.00710096,
GPNoCur,72.4001,-1.58687,72.4002,-0.00849702,
GPNoCur,72.6001,-1.53409,72.6002,-0.00983747,
GPNoCur,72.8001,-1.48174,72.8002,-0.0111073,
GPNoCur,73.0001,-1.42988,73.0002,-0.0123439,
GPNoCur,73.2001,-1.37856,73.2002,-0.0135458,
GPNoCur,73.4001,-1.32784,73.4002,-0.0147114,
GPNoCur,73.6001,-1.27777,73.6002,-0.0158392,
GPNoCur,73.8001,-1.22839,73.8002,-0.0169271,
GPNoCur,74.0001,-1.17974,74.0002,-0.0179733,
GPNoCur,74.2001,-1.13188,74.2002,-0.0189758,
GPNoCur,74.4001,-1.08485,74.4002,-0.0199324,
GPNoCur,74.6001,-1.03867,74.6002,-0.0208408,
GPNoCur,74.8001,-0.993397,74.8002,-0.0216987,
GPNoCur,75.0001,-0.949057,75.0002,-0.0225035,
GPNoCur,75.2001,-0.905682,75.2002,-0.0232528,
GPNoCur,75.4001,-0.863302,75.4002,-0.0239439,
GPNoCur,75.6001,-0.821944,75.6002,-0.0245741,
GPNoCur,75.8001,-0.78163,75.8002,-0.0251406,
GPNoCur,76.0001,-0.742382,76.0002,-0.0256408,
GPNoCur,76.2001,-0.704217,76.2002,-0.0260794,
GPNoCur,76.4001,-0.667151,76.4002,-0.0264561,
GPNoCur,76.6001,-0.631197,76.6002,-0.0267716,
GPNoCur,76.8001,-0.596364,76.8002,-0.027027,
GPNoCur,77.0001,-0.56266,77.0002,-0.0272231,
GPNoCur,77.2001,-0.530089,77.2002,-0.0273611,
GPNoCur,77.4001,-0.498655,77.4002,-0.0274421,
GPNoCur,77.6001,-0.468358,77.6002,-0.0274672,
GPNoCur,77.8001,-0.439197,77.8002,-0.0274377,
GPNoCur,78.0001,-0.411166,78.0002,-0.0273549,
GPNoCur,78.2001,-0.384261,78.2002,-0.0272202,
GPNoCur,78.4001,-0.358472,78.4002,-0.027035,
GPNoCur,78.6001,-0.333791,78.6002,-0.0268008,
GPNoCur,78.8001,-0.310206,78.8002,-0.0265194,
GPNoCur,79.0001,-0.287702,79.0002,-0.0261922,
GPNoCur,79.2001,-0.266264,79.2002,-0.025821,
GPNoCur,79.4001,-0.245877,79.4002,-0.0254077,
GPNoCur,79.6001,-0.22652,79.6002,-0.0249561,
GPNoCur,79.8001,-0.208175,79.8002,-0.0244701,
GPNoCur,80.0001,-0.190821,80.0002,-0.0239503,
GPNoCur,80.2001,-0.174434,80.2002,-0.0233987,
GPNoCur,80.4001,-0.158993,80.4002,-0.0228177,
GPNoCur,80.6001,-0.144471,80.6002,-0.0222095,
GPNoCur,80.8001,-0.130845,80.8002,-0.0215765,
GPNoCur,81.0001,-0.118087,81.0002,-0.020921,
GPNoCur,81.2001,-0.106171,81.2002,-0.0202452,
GPNoCur,81.4001,-0.0950686,81.4002,-0.0195516,
GPNoCur,81.6001,-0.0847516,81.6002,-0.0188425,
GPNoCur,81.8001,-0.075191,81.8002,-0.0181202,
GPNoCur,82.0001,-0.0663575,82.0002,-0.017387,
GPNoCur,82.2001,-0.0582213,82.2002,-0.0166453,
GPNoCur,82.4001,-0.0507524,82.4002,-0.0158973,
GPNoCur,82.6001,-0.0439207,82.6002,-0.0151455,
GPNoCur,82.8001,-0.0376957,82.8002,-0.014392,
GPNoCur,83.0001,-0.0320471,83.0002,-0.0136392,
GPNoCur,83.2001,-0.0269448,83.2002,-0.0128919,
GPNoCur,83.4001,-0.0223585,83.4002,-0.0121491,
GPNoCur,83.6001,-0.0182586,83.6002,-0.0114124,
GPNoCur,83.8001,-0.0146155,83.8002,-0.0106835,
GPNoCur,84.0001,-0.0114,84.0002,-0.00996388,
GPNoCur,84.2001,-0.00858314,84.2002,-0.00925512,
GPNoCur,84.4001,-0.00613665,84.4002,-0.0085588,
GPNoCur,84.6001,-0.00403263,84.6002,-0.00787645,
GPNoCur,84.8001,-0.00224376,84.8002,-0.00720961,
GPNoCur,85.0001,-0.000743356,85.0002,-0.00655982,
GPNoCur,85.2001,0.000494572,85.2002,-0.00592859,
GPNoCur,85.4001,0.00149528,85.4002,-0.00531744,
GPNoCur,85.6001,0.00228321,85.6002,-0.00472789,
GPNoCur,85.8001,0.00288194,85.8002,-0.00416144,
GPNoCur,86.0001,0.00331413,86.0002,-0.0036196,
GPNoCur,86.2001,0.00360145,86.2002,-0.00310387,
GPNoCur,86.4001,0.00376452,86.4002,-0.00261574,
GPNoCur,86.6001,0.00382286,86.6002,-0.00215627,
GPNoCur,86.8001,0.00379486,86.8002,-0.0017263,
GPNoCur,87.0001,0.00369769,87.0002,-0.00132732,
GPNoCur,87.2001,0.00354733,87.2002,-0.000960535,
GPNoCur,87.4001,0.00335843,87.4002,-0.000627156,
GPNoCur,87.6001,0.00314432,87.6002,-0.000328389,
GPNoCur,87.8001,0.00291696,87.8002,-6.54397e-05,
GPNoCur,88.0001,0.00268686,88.0002,0.000160484,
GPNoCur,88.2001,0.00246304,88.2002,0.000348175,
GPNoCur,88.4001,0.00225302,88.4002,0.000496427,
GPNoCur,88.6001,0.00206272,88.6002,0.000604033,
GPNoCur,88.8001,0.00189644,88.8002,0.000669785,
GPNoCur,89.0001,0.0017568,89.0002,0.000692478,
GPNoCur,89.2001,0.00164472,89.2002,0.000670902,
GPNoCur,89.4001,0.00155931,89.4002,0.000603853,
GPNoCur,89.6001,0.00149791,89.6002,0.000490121,
GPNoCur,89.8001,0.00145594,89.8002,0.000328502,
DLIAPS,20.0002,-1.97088e-07,20,-0.0115028,
DLIAPS,20.1001,-2.92745e-07,20.0999,-0.0461709,
DLIAPS,20.2,-0.000230054,20.1998,-0.109945,
DLIAPS,20.2997,-0.00184231,20.2995,-0.139237,
DLIAPS,20.3992,-0.00483154,20.3991,-0.139483,
DLIAPS,20.4984,-0.00919224,20.4984,-0.139692,
DLIAPS,20.5974,-0.0149189,20.5976,-0.139862,
DLIAPS,20.6962,-0.0220058,20.6966,-0.13999,
DLIAPS,20.7947,-0.0304473,20.7955,-0.140071,
DLIAPS,20.8929,-0.0402377,20.8942,-0.140101,
DLIAPS,20.9909,-0.0513709,20.9928,-0.140077,
DLIAPS,21.0886,-0.0638407,21.0913,-0.139993,
DLIAPS,21.186,-0.0776407,21.1897,-0.139845,
DLIAPS,21.2831,-0.0927641,21.2879,-0.139628,
DLIAPS,21.3799,-0.109204,21.3861,-0.139337,
DLIAPS,21.4764,-0.126953,21.4843,-0.138969,
DLIAPS,21.5726,-0.146002,21.5823,-0.13852,
DLIAPS,21.6685,-0.166344,21.6803,-0.137985,
DLIAPS,21.764,-0.18797,21.7783,-0.137362,
DLIAPS,21.8592,-0.210871,21.8762,-0.136647,
DLIAPS,21.9541,-0.235035,21.9741,-0.13584,
DLIAPS,22.0486,-0.260454,22.0719,-0.134937,
DLIAPS,22.1427,-0.287115,22.1698,-0.133938,
DLIAPS,22.2365,-0.315007,22.2676,-0.132842,
DLIAPS,22.3299,-0.344117,22.3655,-0.131649,
DLIAPS,22.423,-0.374433,22.4633,-0.13036,
DLIAPS,22.5157,-0.405941,22.5612,-0.128975,
DLIAPS,22.608,-0.438626,22.6592,-0.127496,
DLIAPS,22.6999,-0.472474,22.7571,-0.125926,
DLIAPS,22.7914,-0.507469,22.8551,-0.124266,
DLIAPS,22.8826,-0.543594,22.9531,-0.122519,
DLIAPS,22.9733,-0.580834,23.0512,-0.120688,
DLIAPS,23.0637,-0.619171,23.1494,-0.118777,
DLIAPS,23.1537,-0.658586,23.2476,-0.11679,
DLIAPS,23.2432,-0.699062,23.346,-0.114729,
DLIAPS,23.3324,-0.740579,23.4443,-0.1126,
DLIAPS,23.4212,-0.783118,23.5428,-0.110407,
DLIAPS,23.5097,-0.82666,23.6414,-0.108154,
DLIAPS,23.5977,-0.871184,23.74,-0.105846,
DLIAPS,23.6853,-0.916669,23.8387,-0.103486,
DLIAPS,23.7726,-0.963094,23.9376,-0.10108,
DLIAPS,23.8595,-1.01044,24.0365,-0.0986314,
DLIAPS,23.946,-1.05868,24.1356,-0.096145,
DLIAPS,24.0321,-1.1078,24.2347,-0.0936248,
DLIAPS,24.1179,-1.15777,24.334,-0.0910748,
DLIAPS,24.2033,-1.20857,24.4334,-0.0884992,
DLIAPS,24.2884,-1.26018,24.5329,-0.0859018,
DLIAPS,24.3731,-1.31258,24.6325,-0.0832862,
DLIAPS,24.4575,-1.36574,24.7322,-0.0806558,
DLIAPS,24.5415,-1.41964,24.8321,-0.078014,
DLIAPS,24.6252,-1.47425,24.932,-0.0753639,
DLIAPS,24.7086,-1.52956,25.0321,-0.0727084,
DLIAPS,24.7917,-1.58555,25.1323,-0.0700502,
DLIAPS,24.8745,-1.64218,25.2326,-0.067392,
DLIAPS,24.957,-1.69944,25.333,-0.064736,
DLIAPS,25.0392,-1.7573,25.4336,-0.0620844,
DLIAPS,25.1212,-1.81574,25.5342,-0.0594392,
DLIAPS,25.2029,-1.87474,25.635,-0.0568022,
DLIAPS,25.2844,-1.93427,25.7359,-0.0541749,
DLIAPS,25.3656,-1.99432,25.8369,-0.0515589,
DLIAPS,25.4466,-2.05485,25.938,-0.0489553,
DLIAPS,25.5274,-2.11585,26.0393,-0.0463652,
DLIAPS,25.6079,-2.1773,26.1406,-0.0437898,
DLIAPS,25.6883,-2.23917,26.242,-0.0412296,
DLIAPS,25.7686,-2.30144,26.3436,-0.0386853,
DLIAPS,25.8486,-2.36409,26.4453,-0.0361574,
DLIAPS,25.9285,-2.4271,26.547,-0.0336463,
DLIAPS,26.0083,-2.49045,26.6489,-0.0311521,
DLIAPS,26.088,-2.55411,26.7508,-0.028675,
DLIAPS,26.1675,-2.61806,26.8529,-0.0262149,
DLIAPS,26.2469,-2.68229,26.9551,-0.0237715,
DLIAPS,26.3263,-2.74676,27.0573,-0.0213446,
DLIAPS,26.4056,-2.81147,27.1596,-0.0189337,
DLIAPS,26.4848,-2.87639,27.2621,-0.0165383,
DLIAPS,26.564,-2.94149,27.3646,-0.0141576,
DLIAPS,26.6431,-3.00676,27.4672,-0.0117909,
DLIAPS,26.7222,-3.07218,27.5698,-0.00943733,
DLIAPS,26.8014,-3.13772,27.6726,-0.00709573,
DLIAPS,26.8805,-3.20337,27.7754,-0.00476496,
DLIAPS,26.9597,-3.26909,27.8783,-0.00244373,
DLIAPS,27.0389,-3.33489,27.9812,-0.000130618,
DLIAPS,27.1181,-3.40072,28.0842,0.00217593,
DLIAPS,27.1974,-3.46657,28.1873,0.00447761,
DLIAPS,27.2768,-3.53242,28.2905,0.00677621,
DLIAPS,27.3562,-3.59825,28.3936,0.00907372,
DLIAPS,27.4358,-3.66403,28.4969,0.0113722,
DLIAPS,27.5154,-3.72975,28.6001,0.0136739,
DLIAPS,27.5952,-3.79538,28.7034,0.0159813,
DLIAPS,27.6751,-3.86089,28.8068,0.0182968,
DLIAPS,27.7552,-3.92627,28.9101,0.0206232,
DLIAPS,27.8354,-3.99149,29.0135,0.0229633,
DLIAPS,27.9158,-4.05653,29.1169,0.0253201,
DLIAPS,27.9963,-4.12136,29.2203,0.0276969,
DLIAPS,28.0771,-4.18596,29.3237,0.0300969,
DLIAPS,28.158,-4.25031,29.4271,0.0325238,
DLIAPS,28.2391,-4.31437,29.5305,0.0349812,
DLIAPS,28.3205,-4.37813,29.6339,0.037473,
DLIAPS,28.4021,-4.44155,29.7372,0.0400034,
DLIAPS,28.4839,-4.50461,29.8405,0.0425767,
DLIAPS,28.5659,-4.56728,29.9437,0.0451973,
DLIAPS,28.6482,-4.62953,30.0469,0.0478701,
DLIAPS,28.7307,-4.69134,30.15,0.0505998,
DLIAPS,28.8135,-4.75266,30.253,0.0533916,
DLIAPS,28.8966,-4.81348,30.356,0.0562511,
DLIAPS,28.9799,-4.87375,30.4588,0.0591837,
DLIAPS,29.0635,-4.93345,30.5615,0.0621953,
DLIAPS,29.1474,-4.99254,30.6641,0.0652919,
DLIAPS,29.2315,-5.05099,30.7666,0.0684798,
DLIAPS,29.3159,-5.10877,30.8689,0.0717655,
DLIAPS,29.4007,-5.16583,30.971,0.0751559,
DLIAPS,29.4857,-5.22214,31.073,0.0786579,
DLIAPS,29.571,-5.27766,31.1748,0.0822785,
DLIAPS,29.6565,-5.33235,31.2763,0.0860252,
DLIAPS,29.7424,-5.38618,31.3777,0.0899055,
DLIAPS,29.8285,-5.4391,31.4788,0.0939269,
DLIAPS,29.915,-5.49107,31.5796,0.0980973,
DLIAPS,30.0017,-5.54205,31.6802,0.102424,
DLIAPS,30.0887,-5.59199,31.7805,0.106916,
DLIAPS,30.1759,-5.64086,31.8805,0.111579,
DLIAPS,30.2634,-5.6886,31.9802,0.116422,
DLIAPS,30.3512,-5.73517,32.0796,0.121452,
DLIAPS,30.4392,-5.78052,32.1786,0.126676,
DLIAPS,30.5275,-5.82461,32.2772,0.132099,
DLIAPS,30.616,-5.86738,32.3755,0.137728,
DLIAPS,30.7047,-5.90879,32.4735,0.143566,
DLIAPS,30.7936,-5.9488,32.571,0.149618,
DLIAPS,30.8828,-5.98734,32.6681,0.155886,
DLIAPS,30.9721,-6.02437,32.7648,0.162369,
DLIAPS,31.0616,-6.05984,32.861,0.169067,
DLIAPS,31.1512,-6.0937,32.9569,0.175977,
DLIAPS,31.241,-6.1259,33.0522,0.183091,
DLIAPS,31.3309,-6.15638,33.1472,0.1904,
DLIAPS,31.4209,-6.1851,33.2417,0.197893,
DLIAPS,31.511,-6.21201,33.3357,0.205553,
DLIAPS,31.6012,-6.23706,33.4293,0.213359,
DLIAPS,31.6914,-6.26019,33.5224,0.220926,
DLIAPS,31.7817,-6.28136,33.6151,0.226859,
DLIAPS,31.8719,-6.30053,33.7073,0.230444,
DLIAPS,31.9621,-6.31771,33.7992,0.232975,
DLIAPS,32.0522,-6.33289,33.8906,0.235432,
DLIAPS,32.1423,-6.34607,33.9816,0.237808,
DLIAPS,32.2323,-6.35727,34.0723,0.240095,
DLIAPS,32.3222,-6.36646,34.1627,0.242286,
DLIAPS,32.4119,-6.37367,34.2527,0.244371,
DLIAPS,32.5015,-6.37889,34.3424,0.246344,
DLIAPS,32.5909,-6.38212,34.4318,0.248199,
DLIAPS,32.68,-6.38336,34.521,0.249927,
DLIAPS,32.769,-6.38262,34.6099,0.251523,
DLIAPS,32.8576,-6.37991,34.6987,0.252981,
DLIAPS,32.946,-6.37521,34.7872,0.254295,
DLIAPS,33.0341,-6.36854,34.8755,0.25546,
DLIAPS,33.1219,-6.3599,34.9637,0.256472,
DLIAPS,33.2094,-6.3493,35.0518,0.257327,
DLIAPS,33.2964,-6.33673,35.1398,0.258021,
DLIAPS,33.3831,-6.3222,35.2277,0.258552,
DLIAPS,33.4693,-6.30572,35.3155,0.258918,
DLIAPS,33.5552,-6.28729,35.4033,0.259116,
DLIAPS,33.6405,-6.26692,35.491,0.259147,
DLIAPS,33.7254,-6.24461,35.5788,0.259009,
DLIAPS,33.8098,-6.22037,35.6666,0.258703,
DLIAPS,33.8937,-6.1942,35.7545,0.258229,
DLIAPS,33.977,-6.1661,35.8424,0.25759,
DLIAPS,34.0598,-6.1361,35.9304,0.256787,
DLIAPS,34.142,-6.10418,36.0186,0.255822,
DLIAPS,34.2235,-6.07037,36.1069,0.254699,
DLIAPS,34.3045,-6.03466,36.1954,0.253422,
DLIAPS,34.3847,-5.99706,36.284,0.251994,
DLIAPS,34.4644,-5.95758,36.3729,0.250422,
DLIAPS,34.5433,-5.91623,36.462,0.248709,
DLIAPS,34.6215,-5.87301,36.5513,0.246862,
DLIAPS,34.699,-5.82794,36.641,0.244886,
DLIAPS,34.7757,-5.78102,36.7309,0.242789,
DLIAPS,34.8516,-5.73226,36.8211,0.240577,
DLIAPS,34.9268,-5.68167,36.9117,0.238257,
DLIAPS,35.0011,-5.62925,37.0027,0.235836,
DLIAPS,35.0746,-5.57503,37.094,0.233322,
DLIAPS,35.1473,-5.51899,37.1858,0.230723,
DLIAPS,35.219,-5.46117,37.2779,0.227336,
DLIAPS,35.2899,-5.40155,37.3705,0.221825,
DLIAPS,35.3599,-5.34019,37.4636,0.214308,
DLIAPS,35.4289,-5.27713,37.5571,0.206221,
DLIAPS,35.4971,-5.21242,37.6511,0.198259,
DLIAPS,35.5644,-5.14612,37.7456,0.190446,
DLIAPS,35.6308,-5.07828,37.8405,0.182797,
DLIAPS,35.6964,-5.00896,37.9359,0.175329,
DLIAPS,35.7611,-4.93821,38.0318,0.16805,
DLIAPS,35.8249,-4.86609,38.1281,0.16097,
DLIAPS,35.8879,-4.79264,38.2249,0.154093,
DLIAPS,35.9501,-4.71793,38.3221,0.147421,
DLIAPS,36.0114,-4.64199,38.4197,0.140955,
DLIAPS,36.072,-4.56489,38.5178,0.134696,
DLIAPS,36.1318,-4.48666,38.6162,0.128639,
DLIAPS,36.1908,-4.40738,38.7151,0.122781,
DLIAPS,36.2491,-4.32707,38.8143,0.117118,
DLIAPS,36.3066,-4.24579,38.9139,0.111646,
DLIAPS,36.3635,-4.16358,39.0138,0.106357,
DLIAPS,36.4196,-4.0805,39.1141,0.101245,
DLIAPS,36.4751,-3.99658,39.2147,0.0963037,
DLIAPS,36.53,-3.91187,39.3156,0.0915268,
DLIAPS,36.5842,-3.82642,39.4168,0.0869067,
DLIAPS,36.6378,-3.74025,39.5183,0.0824362,
DLIAPS,36.6908,-3.65342,39.62,0.0781085,
DLIAPS,36.7432,-3.56597,39.722,0.0739166,
DLIAPS,36.7951,-3.47792,39.8242,0.0698534,
DLIAPS,36.8465,-3.38932,39.9266,0.0659119,
DLIAPS,36.8973,-3.30021,40.0292,0.0620856,
DLIAPS,36.9477,-3.21061,40.132,0.0583682,
DLIAPS,36.9976,-3.12057,40.235,0.054753,
DLIAPS,37.0471,-3.03011,40.3381,0.0512339,
DLIAPS,37.0962,-2.93927,40.4413,0.0478049,
DLIAPS,37.1449,-2.84807,40.5447,0.0444604,
DLIAPS,37.1932,-2.75656,40.6482,0.0411948,
DLIAPS,37.2412,-2.66475,40.7518,0.0380024,
DLIAPS,37.2889,-2.57267,40.8555,0.0348781,
DLIAPS,37.3362,-2.48036,40.9592,0.031817,
DLIAPS,37.3833,-2.38783,41.063,0.0288142,
DLIAPS,37.4301,-2.29512,41.1669,0.0258648,
DLIAPS,37.4767,-2.20224,41.2708,0.0229642,
DLIAPS,37.5231,-2.10923,41.3748,0.0201082,
DLIAPS,37.5693,-2.0161,41.4787,0.0172924,
DLIAPS,37.6154,-1.92288,41.5827,0.0145126,
DLIAPS,37.6613,-1.82958,41.6867,0.0117648,
DLIAPS,37.7071,-1.73624,41.7906,0.00904495,
DLIAPS,37.7528,-1.64288,41.8946,0.00634935,
DLIAPS,37.7984,-1.5495,41.9985,0.00367423,
DLIAPS,37.844,-1.45614,42.1024,0.00101594,
DLIAPS,37.8895,-1.36281,42.2062,-0.00162909,
DLIAPS,37.935,-1.26953,42.31,-0.00426433,
DLIAPS,37.9806,-1.17632,42.4138,-0.00689314,
DLIAPS,38.0262,-1.08321,42.5175,-0.00951883,
DLIAPS,38.0718,-0.990198,42.6211,-0.0121446,
DLIAPS,38.1175,-0.897318,42.7246,-0.0147738,
DLIAPS,38.1634,-0.804584,42.828,-0.0174094,
DLIAPS,38.2093,-0.712015,42.9314,-0.0200544,
DLIAPS,38.2554,-0.619628,43.0346,-0.0227117,
DLIAPS,38.3017,-0.527442,43.1378,-0.0253843,
DLIAPS,38.3482,-0.435476,43.2408,-0.028075,
DLIAPS,38.3949,-0.343748,43.3438,-0.0307865,
DLIAPS,38.4418,-0.252276,43.4466,-0.0335213,
DLIAPS,38.489,-0.16108,43.5492,-0.036282,
DLIAPS,38.5364,-0.0701778,43.6518,-0.0390713,
DLIAPS,38.5842,0.0204111,43.7542,-0.0418912,
DLIAPS,38.6323,0.110667,43.8564,-0.044744,
DLIAPS,38.6807,0.200571,43.9586,-0.0476317,
DLIAPS,38.7294,0.290103,44.0605,-0.0505562,
DLIAPS,38.7786,0.379243,44.1623,-0.0535195,
DLIAPS,38.8282,0.46797,44.2639,-0.0565228,
DLIAPS,38.8781,0.556263,44.3654,-0.0595674,
DLIAPS,38.9286,0.644102,44.4667,-0.0626547,
DLIAPS,38.9795,0.731465,44.5678,-0.0657855,
DLIAPS,39.0309,0.818329,44.6687,-0.0689602,
DLIAPS,39.0828,0.904674,44.7695,-0.0721789,
DLIAPS,39.1352,0.990475,44.87,-0.0754417,
DLIAPS,39.1881,1.07571,44.9704,-0.0787484,
DLIAPS,39.2417,1.16036,45.0705,-0.0820977,
DLIAPS,39.2958,1.24439,45.1705,-0.0854881,
DLIAPS,39.3505,1.32779,45.2702,-0.0889182,
DLIAPS,39.4058,1.41053,45.3697,-0.0923855,
DLIAPS,39.4618,1.49258,45.4691,-0.0958869,
DLIAPS,39.5184,1.57392,45.5682,-0.0994188,
DLIAPS,39.5757,1.65452,45.6671,-0.102977,
DLIAPS,39.6337,1.73437,45.7657,-0.106557,
DLIAPS,39.6924,1.81343,45.8642,-0.110153,
DLIAPS,39.7519,1.89167,45.9625,-0.113757,
DLIAPS,39.812,1.96908,46.0605,-0.117364,
DLIAPS,39.8729,2.04563,46.1583,-0.120965,
DLIAPS,39.9346,2.12128,46.256,-0.124551,
DLIAPS,39.9971,2.19602,46.3534,-0.128111,
DLIAPS,40.0603,2.26982,46.4506,-0.131637,
DLIAPS,40.1244,2.34266,46.5476,-0.135115,
DLIAPS,40.1893,2.4145,46.6444,-0.138534,
DLIAPS,40.255,2.48533,46.741,-0.141881,
DLIAPS,40.3215,2.55512,46.8374,-0.145141,
DLIAPS,40.3889,2.62384,46.9337,-0.148301,
DLIAPS,40.4572,2.69147,47.0297,-0.151345,
DLIAPS,40.5263,2.758,47.1257,-0.154258,
DLIAPS,40.5962,2.82339,47.2214,-0.157024,
DLIAPS,40.6671,2.88762,47.317,-0.159627,
DLIAPS,40.7388,2.95068,47.4125,-0.162051,
DLIAPS,40.8113,3.01255,47.5079,-0.164281,
DLIAPS,40.8848,3.0732,47.6032,-0.166302,
DLIAPS,40.9591,3.13262,47.6983,-0.168098,
DLIAPS,41.0343,3.1908,47.7934,-0.169655,
DLIAPS,41.1104,3.24771,47.8884,-0.170963,
DLIAPS,41.1874,3.30335,47.9834,-0.172007,
DLIAPS,41.2652,3.3577,48.0783,-0.172779,
DLIAPS,41.3439,3.41076,48.1732,-0.173271,
DLIAPS,41.4234,3.46251,48.2681,-0.173476,
DLIAPS,41.5038,3.51294,48.363,-0.17339,
DLIAPS,41.585,3.56205,48.4579,-0.17301,
DLIAPS,41.6671,3.60985,48.5529,-0.172337,
DLIAPS,41.7499,3.65631,48.6479,-0.171372,
DLIAPS,41.8336,3.70146,48.7429,-0.17012,
DLIAPS,41.9181,3.74528,48.8381,-0.168587,
DLIAPS,42.0033,3.78778,48.9333,-0.166782,
DLIAPS,42.0893,3.82896,49.0287,-0.164715,
DLIAPS,42.176,3.86884,49.1242,-0.162398,
DLIAPS,42.2635,3.90743,49.2198,-0.159846,
DLIAPS,42.3517,3.94472,49.3155,-0.157074,
DLIAPS,42.4406,3.98075,49.4114,-0.154099,
DLIAPS,42.5302,4.01551,49.5075,-0.150939,
DLIAPS,42.6204,4.04903,49.6037,-0.147612,
DLIAPS,42.7113,4.08133,49.7002,-0.144138,
DLIAPS,42.8027,4.11242,49.7968,-0.140538,
DLIAPS,42.8948,4.14232,49.8936,-0.13683,
DLIAPS,42.9875,4.17106,49.9907,-0.133035,
DLIAPS,43.0807,4.19866,50.0879,-0.129173,
DLIAPS,43.1745,4.22514,50.1853,-0.125262,
DLIAPS,43.2688,4.25053,50.283,-0.121323,
DLIAPS,43.3636,4.27486,50.3809,-0.117372,
DLIAPS,43.4589,4.29814,50.4789,-0.113427,
DLIAPS,43.5546,4.3204,50.5772,-0.109505,
DLIAPS,43.6508,4.34168,50.6757,-0.105621,
DLIAPS,43.7474,4.362,50.7745,-0.10179,
DLIAPS,43.8444,4.38139,50.8734,-0.0980259,
DLIAPS,43.9418,4.39988,50.9725,-0.0943404,
DLIAPS,44.0396,4.41748,51.0719,-0.0907456,
DLIAPS,44.1377,4.43424,51.1714,-0.0872518,
DLIAPS,44.2361,4.45017,51.2711,-0.0838688,
DLIAPS,44.3349,4.46531,51.371,-0.0806049,
DLIAPS,44.4339,4.47968,51.4711,-0.077468,
DLIAPS,44.5332,4.4933,51.5713,-0.0744648,
DLIAPS,44.6328,4.5062,51.6717,-0.0716013,
DLIAPS,44.7326,4.5184,51.7723,-0.0688827,
DLIAPS,44.8327,4.52993,51.873,-0.0663135,
DLIAPS,44.9329,4.5408,51.9738,-0.0638975,
DLIAPS,45.0334,4.55104,52.0748,-0.0616382,
DLIAPS,45.134,4.56066,52.1759,-0.0595383,
DLIAPS,45.2348,4.56969,52.2771,-0.0576002,
DLIAPS,45.3357,4.57814,52.3784,-0.0558258,
DLIAPS,45.4368,4.58603,52.4798,-0.0542166,
DLIAPS,45.538,4.59337,52.5813,-0.0527739,
DLIAPS,45.6394,4.60017,52.6828,-0.0514985,
DLIAPS,45.7408,4.60644,52.7844,-0.0503909,
DLIAPS,45.8423,4.6122,52.8861,-0.0494515,
DLIAPS,45.9439,4.61745,52.9878,-0.0486802,
DLIAPS,46.0455,4.6222,53.0896,-0.0480767,
DLIAPS,46.1472,4.62645,53.1913,-0.0476406,
DLIAPS,46.2489,4.63021,53.2931,-0.0473711,
DLIAPS,46.3506,4.63349,53.3949,-0.0472671,
DLIAPS,46.4524,4.63627,53.4967,-0.0473273,
DLIAPS,46.5542,4.63856,53.5985,-0.0475503,
DLIAPS,46.6559,4.64036,53.7003,-0.0479343,
DLIAPS,46.7577,4.64166,53.802,-0.0484771,
DLIAPS,46.8594,4.64247,53.9037,-0.0491764,
DLIAPS,46.961,4.64276,54.0054,-0.0500297,
DLIAPS,47.0626,4.64254,54.107,-0.0510339,
DLIAPS,47.1642,4.64179,54.2085,-0.0521859,
DLIAPS,47.2657,4.6405,54.31,-0.053482,
DLIAPS,47.3671,4.63867,54.4114,-0.0549183,
DLIAPS,47.4684,4.63627,54.5128,-0.0564906,
DLIAPS,47.5696,4.6333,54.614,-0.058194,
DLIAPS,47.6706,4.62973,54.7152,-0.0600235,
DLIAPS,47.7716,4.62556,54.8162,-0.0619735,
DLIAPS,47.8724,4.62076,54.9171,-0.0640379,
DLIAPS,47.9731,4.61531,55.018,-0.0662103,
DLIAPS,48.0736,4.6092,55.1187,-0.0684837,
DLIAPS,48.1739,4.60241,55.2192,-0.0708503,
DLIAPS,48.2741,4.59491,55.3197,-0.0733021,
DLIAPS,48.3741,4.58669,55.42,-0.0758305,
DLIAPS,48.4739,4.57771,55.5202,-0.0784263,
DLIAPS,48.5734,4.56797,55.6202,-0.0810798,
DLIAPS,48.6728,4.55744,55.7201,-0.083781,
DLIAPS,48.7719,4.5461,55.8199,-0.0865192,
DLIAPS,48.8707,4.53391,55.9195,-0.0892835,
DLIAPS,48.9693,4.52087,56.0189,-0.0920626,
DLIAPS,49.0676,4.50695,56.1182,-0.0948448,
DLIAPS,49.1657,4.49213,56.2174,-0.0976181,
DLIAPS,49.2634,4.47638,56.3164,-0.10037,
DLIAPS,49.3608,4.45969,56.4152,-0.103089,
DLIAPS,49.458,4.44203,56.5139,-0.105763,
DLIAPS,49.5547,4.42339,56.6125,-0.108378,
DLIAPS,49.6512,4.40375,56.7109,-0.110923,
DLIAPS,49.7473,4.38308,56.8092,-0.113385,
DLIAPS,49.843,4.36137,56.9074,-0.115752,
DLIAPS,49.9383,4.3386,57.0054,-0.118013,
DLIAPS,50.0333,4.31477,57.1033,-0.120157,
DLIAPS,50.1279,4.28985,57.2011,-0.122173,
DLIAPS,50.222,4.26383,57.2987,-0.12405,
DLIAPS,50.3157,4.2367,57.3963,-0.12578,
DLIAPS,50.409,4.20845,57.4938,-0.127355,
DLIAPS,50.5019,4.17908,57.5912,-0.128765,
DLIAPS,50.5943,4.14856,57.6885,-0.130005,
DLIAPS,50.6862,4.11691,57.7857,-0.131068,
DLIAPS,50.7777,4.0841,57.8829,-0.13195,
DLIAPS,50.8687,4.05015,57.98,-0.132648,
DLIAPS,50.9592,4.01504,58.0771,-0.133158,
DLIAPS,51.0492,3.97878,58.1741,-0.133478,
DLIAPS,51.1387,3.94136,58.2711,-0.133609,
DLIAPS,51.2277,3.9028,58.3681,-0.133551,
DLIAPS,51.3161,3.86309,58.4651,-0.133305,
DLIAPS,51.4041,3.82223,58.5621,-0.132874,
DLIAPS,51.4915,3.78024,58.6591,-0.132263,
DLIAPS,51.5785,3.73712,58.7561,-0.131474,
DLIAPS,51.6648,3.69289,58.8531,-0.130515,
DLIAPS,51.7507,3.64754,58.9502,-0.129389,
DLIAPS,51.836,3.6011,59.0474,-0.128105,
DLIAPS,51.9208,3.55356,59.1446,-0.126668,
DLIAPS,52.005,3.50496,59.2418,-0.125086,
DLIAPS,52.0887,3.4553,59.3391,-0.123368,
DLIAPS,52.1719,3.4046,59.4366,-0.121521,
DLIAPS,52.2545,3.35286,59.534,-0.119554,
DLIAPS,52.3366,3.30012,59.6316,-0.117474,
DLIAPS,52.4182,3.24639,59.7293,-0.115291,
DLIAPS,52.4993,3.19169,59.8271,-0.113012,
DLIAPS,52.5798,3.13603,59.925,-0.110646,
DLIAPS,52.6598,3.07943,60.023,-0.108201,
DLIAPS,52.7393,3.02192,60.1211,-0.105685,
DLIAPS,52.8183,2.96352,60.2193,-0.103105,
DLIAPS,52.8968,2.90425,60.3177,-0.100468,
DLIAPS,52.9748,2.84413,60.4162,-0.097782,
DLIAPS,53.0523,2.78318,60.5148,-0.0950528,
DLIAPS,53.1293,2.72142,60.6135,-0.092287,
DLIAPS,53.2059,2.65889,60.7124,-0.0894901,
DLIAPS,53.282,2.5956,60.8114,-0.0866678,
DLIAPS,53.3577,2.53157,60.9105,-0.083825,
DLIAPS,53.433,2.46683,61.0098,-0.0809662,
DLIAPS,53.5078,2.4014,61.1092,-0.0780958,
DLIAPS,53.5822,2.3353,61.2087,-0.0752178,
DLIAPS,53.6562,2.26857,61.3083,-0.0723354,
DLIAPS,53.7298,2.20122,61.4081,-0.0694518,
DLIAPS,53.803,2.13328,61.508,-0.0665699,
DLIAPS,53.8758,2.06477,61.608,-0.063692,
DLIAPS,53.9484,1.99572,61.7081,-0.0608202,
DLIAPS,54.0205,1.92614,61.8084,-0.0579563,
DLIAPS,54.0924,1.85607,61.9087,-0.0551018,
DLIAPS,54.1639,1.78553,62.0092,-0.052258,
DLIAPS,54.2351,1.71454,62.1098,-0.0494256,
DLIAPS,54.3061,1.64312,62.2104,-0.0466056,
DLIAPS,54.3768,1.5713,62.3112,-0.0437983,
DLIAPS,54.4472,1.49911,62.412,-0.0410041,
DLIAPS,54.5174,1.42656,62.513,-0.038223,
DLIAPS,54.5873,1.35368,62.614,-0.035455,
DLIAPS,54.6571,1.28049,62.7151,-0.0326999,
DLIAPS,54.7267,1.20702,62.8163,-0.0299571,
DLIAPS,54.7961,1.13329,62.9176,-0.0272262,
DLIAPS,54.8653,1.05931,63.0189,-0.0245065,
DLIAPS,54.9344,0.98513,63.1202,-0.0217972,
DLIAPS,55.0033,0.910753,63.2217,-0.0190975,
DLIAPS,55.0722,0.836206,63.3232,-0.0164063,
DLIAPS,55.1409,0.761514,63.4247,-0.0137226,
DLIAPS,55.2096,0.686697,63.5262,-0.0110453,
DLIAPS,55.2782,0.61178,63.6278,-0.00837303,
DLIAPS,55.3468,0.536785,63.7294,-0.00570467,
DLIAPS,55.4153,0.461734,63.8311,-0.0030389,
DLIAPS,55.4839,0.386651,63.9327,-0.000374376,
DLIAPS,55.5524,0.311557,64.0344,0.00229027,
DLIAPS,55.6209,0.236477,64.1361,0.0049564,
DLIAPS,55.6895,0.161431,64.2377,0.00762541,
DLIAPS,55.7582,0.0864445,64.3394,0.0102987,
DLIAPS,55.8269,0.011539,64.441,0.0129776,
DLIAPS,55.8957,-0.0632623,64.5427,0.0156635,
DLIAPS,55.9646,-0.137936,64.6443,0.0183577,
DLIAPS,56.0336,-0.212459,64.7458,0.0210616,
DLIAPS,56.1028,-0.286809,64.8474,0.0237763,
DLIAPS,56.1721,-0.36096,64.9489,0.0265031,
DLIAPS,56.2415,-0.434891,65.0503,0.0292432,
DLIAPS,56.3112,-0.508578,65.1517,0.0319975,
DLIAPS,56.381,-0.581995,65.2531,0.0347672,
DLIAPS,56.4511,-0.65512,65.3543,0.037553,
DLIAPS,56.5214,-0.727928,65.4555,0.0403558,
DLIAPS,56.5919,-0.800395,65.5567,0.0431763,
DLIAPS,56.6627,-0.872495,65.6577,0.046015,
DLIAPS,56.7338,-0.944205,65.7587,0.0488722,
DLIAPS,56.8052,-1.0155,65.8596,0.0517483,
DLIAPS,56.8768,-1.08635,65.9603,0.0546433,
DLIAPS,56.9488,-1.15674,66.061,0.0575571,
DLIAPS,57.0211,-1.22664,66.1616,0.0604894,
DLIAPS,57.0938,-1.29602,66.262,0.0634395,
DLIAPS,57.1668,-1.36485,66.3624,0.0664067,
DLIAPS,57.2402,-1.43312,66.4626,0.06939,
DLIAPS,57.3139,-1.50079,66.5627,0.072388,
DLIAPS,57.3881,-1.56784,66.6627,0.0753991,
DLIAPS,57.4627,-1.63425,66.7625,0.0784214,
DLIAPS,57.5376,-1.69998,66.8622,0.0814527,
DLIAPS,57.6131,-1.76501,66.9618,0.0844903,
DLIAPS,57.6889,-1.82931,67.0613,0.0875313,
DLIAPS,57.7652,-1.89286,67.1606,0.0905724,
DLIAPS,57.8419,-1.95563,67.2597,0.0936097,
DLIAPS,57.9192,-2.0176,67.3587,0.0966391,
DLIAPS,57.9968,-2.07873,67.4576,0.0996562,
DLIAPS,58.075,-2.13901,67.5563,0.102656,
DLIAPS,58.1537,-2.1984,67.6548,0.105632,
DLIAPS,58.2328,-2.25689,67.7533,0.10858,
DLIAPS,58.3125,-2.31444,67.8515,0.111493,
DLIAPS,58.3927,-2.37103,67.9497,0.114365,
DLIAPS,58.4733,-2.42663,68.0476,0.117188,
DLIAPS,58.5545,-2.48123,68.1455,0.119954,
DLIAPS,58.6362,-2.53479,68.2432,0.122657,
DLIAPS,58.7184,-2.5873,68.3407,0.125287,
DLIAPS,58.8012,-2.63873,68.4382,0.127837,
DLIAPS,58.8845,-2.68906,68.5355,0.130299,
DLIAPS,58.9683,-2.73827,68.6326,0.132662,
DLIAPS,59.0526,-2.78633,68.7297,0.13492,
DLIAPS,59.1374,-2.83323,68.8266,0.137062,
DLIAPS,59.2228,-2.87895,68.9235,0.13908,
DLIAPS,59.3087,-2.92347,69.0202,0.140966,
DLIAPS,59.3951,-2.96678,69.1169,0.142712,
DLIAPS,59.482,-3.00885,69.2134,0.144309,
DLIAPS,59.5694,-3.04967,69.3099,0.14575,
DLIAPS,59.6573,-3.08923,69.4063,0.147028,
DLIAPS,59.7457,-3.12752,69.5027,0.148137,
DLIAPS,59.8346,-3.16452,69.599,0.149071,
DLIAPS,59.924,-3.20022,69.6952,0.149825,
DLIAPS,60.0139,-3.23462,69.7914,0.150395,
DLIAPS,60.1042,-3.2677,69.8876,0.150779,
DLIAPS,60.195,-3.29947,69.9838,0.150973,
DLIAPS,60.2862,-3.32992,70.08,0.150977,
DLIAPS,60.3779,-3.35903,70.1761,0.15079,
DLIAPS,60.47,-3.38682,70.2723,0.150413,
DLIAPS,60.5625,-3.41328,70.3685,0.149848,
DLIAPS,60.6554,-3.43841,70.4648,0.149098,
DLIAPS,60.7487,-3.46221,70.561,0.148167,
DLIAPS,60.8423,-3.48469,70.6574,0.147058,
DLIAPS,60.9364,-3.50585,70.7538,0.145779,
DLIAPS,61.0307,-3.52571,70.8502,0.144335,
DLIAPS,61.1255,-3.54426,70.9467,0.142733,
DLIAPS,61.2205,-3.56152,71.0434,0.140981,
DLIAPS,61.3159,-3.57749,71.1401,0.139088,
DLIAPS,61.4116,-3.5922,71.2369,0.137063,
DLIAPS,61.5075,-3.60564,71.3338,0.134914,
DLIAPS,61.6038,-3.61785,71.4308,0.132653,
DLIAPS,61.7003,-3.62882,71.5279,0.130287,
DLIAPS,61.797,-3.63859,71.6251,0.127828,
DLIAPS,61.894,-3.64716,71.7225,0.125285,
DLIAPS,61.9912,-3.65456,71.8199,0.122668,
DLIAPS,62.0886,-3.6608,71.9175,0.119988,
DLIAPS,62.1862,-3.66591,72.0153,0.117253,
DLIAPS,62.284,-3.6699,72.1131,0.114472,
DLIAPS,62.3819,-3.6728,72.2111,0.111656,
DLIAPS,62.48,-3.67463,72.3093,0.108812,
DLIAPS,62.5783,-3.67541,72.4075,0.105949,
DLIAPS,62.6767,-3.67516,72.5059,0.103074,
DLIAPS,62.7752,-3.67392,72.6045,0.100196,
DLIAPS,62.8739,-3.6717,72.7031,0.0973198,
DLIAPS,62.9726,-3.66853,72.8019,0.0944536,
DLIAPS,63.0714,-3.66443,72.9008,0.0916028,
DLIAPS,63.1704,-3.65943,72.9999,0.0887733,
DLIAPS,63.2694,-3.65355,73.0991,0.0859701,
DLIAPS,63.3684,-3.64682,73.1983,0.0831981,
DLIAPS,63.4675,-3.63927,73.2978,0.0804615,
DLIAPS,63.5667,-3.63091,73.3973,0.0777643,
DLIAPS,63.6659,-3.62177,73.4969,0.0751101,
DLIAPS,63.7651,-3.61188,73.5966,0.0725021,
DLIAPS,63.8644,-3.60126,73.6965,0.0699429,
DLIAPS,63.9637,-3.58994,73.7964,0.0674352,
DLIAPS,64.063,-3.57794,73.8964,0.0649811,
DLIAPS,64.1623,-3.56528,73.9965,0.0625825,
DLIAPS,64.2616,-3.55198,74.0967,0.0602408,
DLIAPS,64.3609,-3.53808,74.197,0.0579575,
DLIAPS,64.4602,-3.52359,74.2973,0.0557335,
DLIAPS,64.5595,-3.50854,74.3977,0.0535697,
DLIAPS,64.6587,-3.49294,74.4982,0.0514666,
DLIAPS,64.758,-3.47682,74.5987,0.0494246,
DLIAPS,64.8572,-3.46019,74.6993,0.0474438,
DLIAPS,64.9563,-3.44309,74.8,0.0455244,
DLIAPS,65.0555,-3.42552,74.9006,0.0436659,
DLIAPS,65.1546,-3.40751,75.0014,0.0418683,
DLIAPS,65.2536,-3.38908,75.1021,0.0401309,
DLIAPS,65.3527,-3.37024,75.2029,0.0384531,
DLIAPS,65.4516,-3.35101,75.3037,0.0368342,
DLIAPS,65.5505,-3.33141,75.4046,0.0352734,
DLIAPS,65.6494,-3.31145,75.5055,0.0337697,
DLIAPS,65.7482,-3.29115,75.6063,0.032322,
DLIAPS,65.847,-3.27053,75.7072,0.0309292,
DLIAPS,65.9457,-3.2496,75.8081,0.0295902,
DLIAPS,66.0444,-3.22837,75.9091,0.0283036,
DLIAPS,66.143,-3.20686,76.01,0.0270681,
DLIAPS,66.2415,-3.18508,76.1109,0.0258823,
DLIAPS,66.34,-3.16304,76.2118,0.0247447,
DLIAPS,66.4384,-3.14076,76.3127,0.0236539,
DLIAPS,66.5368,-3.11824,76.4137,0.0226083,
DLIAPS,66.6351,-3.0955,76.5146,0.0216064,
DLIAPS,66.7334,-3.07255,76.6155,0.0206465,
DLIAPS,66.8315,-3.0494,76.7163,0.019727,
DLIAPS,66.9297,-3.02606,76.8172,0.0188464,
DLIAPS,67.0277,-3.00253,76.9181,0.0180028,
DLIAPS,67.1258,-2.97883,77.0189,0.0171947,
DLIAPS,67.2237,-2.95496,77.1197,0.0164203,
DLIAPS,67.3216,-2.93094,77.2205,0.015678,
DLIAPS,67.4194,-2.90676,77.3213,0.014966,
DLIAPS,67.5172,-2.88245,77.4221,0.0142828,
DLIAPS,67.615,-2.85799,77.5228,0.0136266,
DLIAPS,67.7126,-2.83341,77.6235,0.0129957,
DLIAPS,67.8102,-2.80871,77.7242,0.0123886,
DLIAPS,67.9078,-2.78389,77.8249,0.0118036,
DLIAPS,68.0053,-2.75896,77.9255,0.0112391,
DLIAPS,68.1028,-2.73393,78.0262,0.0106936,
DLIAPS,68.2002,-2.70879,78.1268,0.0101656,
DLIAPS,68.2976,-2.68357,78.2273,0.00965345,
DLIAPS,68.3949,-2.65825,78.3279,0.00915584,
DLIAPS,68.4921,-2.63285,78.4284,0.00867133,
DLIAPS,68.5894,-2.60738,78.5289,0.00819858,
DLIAPS,68.6866,-2.58182,78.6294,0.00773626,
DLIAPS,68.7837,-2.5562,78.7299,0.00728314,
DLIAPS,68.8808,-2.53052,78.8303,0.00683802,
DLIAPS,68.9778,-2.50477,78.9307,0.00639976,
DLIAPS,69.0749,-2.47897,79.0311,0.00596727,
DLIAPS,69.1719,-2.45311,79.1315,0.00553954,
DLIAPS,69.2688,-2.42721,79.2318,0.00511561,
DLIAPS,69.3657,-2.40126,79.3322,0.00469457,
DLIAPS,69.4626,-2.37527,79.4325,0.00427559,
DLIAPS,69.5595,-2.34924,79.5328,0.0038579,
DLIAPS,69.6563,-2.32318,79.633,0.00344076,
DLIAPS,69.7531,-2.2971,79.7333,0.00302354,
DLIAPS,69.8498,-2.27099,79.8335,0.00260561,
DLIAPS,69.9466,-2.24485,79.9337,0.00218645,
DLIAPS,70.0433,-2.2187,80.0339,0.00176557,
DLIAPS,70.14,-2.19254,80.1341,0.00134253,
DLIAPS,70.2367,-2.16637,80.2343,0.000916964,
DLIAPS,70.3334,-2.1402,80.3344,0.000488546,
DLIAPS,70.43,-2.11402,80.4346,5.70046e-05,
DLIAPS,70.5267,-2.08785,80.5347,-0.000377882,
DLIAPS,70.6233,-2.06168,80.6348,-0.000816289,
DLIAPS,70.7199,-2.03553,80.7349,-0.00125834,
DLIAPS,70.8165,-2.00939,80.835,-0.00170413,
DLIAPS,70.9131,-1.98327,80.9351,-0.00215368,
DLIAPS,71.0097,-1.95717,81.0351,-0.002607,
DLIAPS,71.1063,-1.93111,81.1352,-0.00306405,
DLIAPS,71.2029,-1.90507,81.2352,-0.00352476,
DLIAPS,71.2995,-1.87907,81.3352,-0.003989,
DLIAPS,71.3961,-1.85311,81.4352,-0.00445664,
DLIAPS,71.4927,-1.8272,81.5352,-0.0049275,
DLIAPS,71.5893,-1.80134,81.6352,-0.00540137,
DLIAPS,71.6859,-1.77553,81.7352,-0.00587802,
DLIAPS,71.7825,-1.74978,81.8352,-0.00635719,
DLIAPS,71.8791,-1.7241,81.9352,-0.00683861,
DLIAPS,71.9757,-1.69848,82.0352,-0.00732198,
DLIAPS,72.0724,-1.67294,82.1351,-0.00780697,
DLIAPS,72.169,-1.64747,82.2351,-0.00829325,
DLIAPS,72.2657,-1.62208,82.335,-0.00878046,
DLIAPS,72.3624,-1.59678,82.435,-0.00926825,
DLIAPS,72.4591,-1.57158,82.5349,-0.00975622,
DLIAPS,72.5558,-1.54646,82.6348,-0.010244,
DLIAPS,72.6526,-1.52145,82.7347,-0.0107312,
DLIAPS,72.7493,-1.49654,82.8347,-0.0112174,
DLIAPS,72.8461,-1.47175,82.9346,-0.0117022,
DLIAPS,72.9429,-1.44706,83.0345,-0.0121852,
DLIAPS,73.0397,-1.4225,83.1344,-0.012666,
DLIAPS,73.1366,-1.39806,83.2343,-0.0131441,
DLIAPS,73.2335,-1.37375,83.3342,-0.0136192,
DLIAPS,73.3304,-1.34957,83.4341,-0.0140908,
DLIAPS,73.4274,-1.32552,83.534,-0.0145585,
DLIAPS,73.5244,-1.30162,83.6338,-0.0150219,
DLIAPS,73.6214,-1.27787,83.7337,-0.0154806,
DLIAPS,73.7184,-1.25427,83.8336,-0.0159342,
DLIAPS,73.8155,-1.23082,83.9335,-0.0163823,
DLIAPS,73.9126,-1.20753,84.0333,-0.0168244,
DLIAPS,74.0098,-1.18441,84.1332,-0.0172603,
DLIAPS,74.1069,-1.16145,84.2331,-0.0176894,
DLIAPS,74.2042,-1.13867,84.3329,-0.0181115,
DLIAPS,74.3014,-1.11606,84.4328,-0.0185262,
DLIAPS,74.3987,-1.09364,84.5326,-0.018933,
DLIAPS,74.4961,-1.0714,84.6325,-0.0193317,
DLIAPS,74.5935,-1.04934,84.7323,-0.019722,
DLIAPS,74.6909,-1.02748,84.8322,-0.0201034,
DLIAPS,74.7883,-1.00582,84.932,-0.0204757,
DLIAPS,74.8858,-0.984356,85.0318,-0.0208386,
DLIAPS,74.9834,-0.963096,85.1317,-0.0211917,
DLIAPS,75.081,-0.942042,85.2315,-0.0215349,
DLIAPS,75.1786,-0.921198,85.3313,-0.0218678,
DLIAPS,75.2763,-0.900568,85.4312,-0.0221901,
DLIAPS,75.374,-0.880155,85.531,-0.0225017,
DLIAPS,75.4718,-0.859962,85.6308,-0.0228022,
DLIAPS,75.5696,-0.839992,85.7307,-0.0230915,
DLIAPS,75.6674,-0.820248,85.8305,-0.0233694,
DLIAPS,75.7653,-0.800733,85.9303,-0.0236357,
DLIAPS,75.8633,-0.781448,86.0301,-0.0238901,
DLIAPS,75.9612,-0.762398,86.1299,-0.0241326,
DLIAPS,76.0593,-0.743584,86.2298,-0.0243629,
DLIAPS,76.1573,-0.725009,86.3296,-0.024581,
DLIAPS,76.2555,-0.706675,86.4294,-0.0247867,
DLIAPS,76.3536,-0.688584,86.5292,-0.0249799,
DLIAPS,76.4518,-0.670737,86.629,-0.0251606,
DLIAPS,76.5501,-0.653138,86.7288,-0.0253285,
DLIAPS,76.6484,-0.635787,86.8286,-0.0254838,
DLIAPS,76.7467,-0.618687,86.9284,-0.0256262,
DLIAPS,76.8451,-0.601838,87.0283,-0.0257558,
DLIAPS,76.9435,-0.585242,87.1281,-0.0258725,
DLIAPS,77.042,-0.5689,87.2279,-0.0259764,
DLIAPS,77.1405,-0.552814,87.3277,-0.0260674,
DLIAPS,77.239,-0.536984,87.4275,-0.0261456,
DLIAPS,77.3376,-0.521411,87.5273,-0.026211,
DLIAPS,77.4362,-0.506097,87.6271,-0.0262635,
DLIAPS,77.5349,-0.491041,87.7269,-0.0263033,
DLIAPS,77.6336,-0.476243,87.8267,-0.0263305,
DLIAPS,77.7324,-0.461706,87.9265,-0.026345,
DLIAPS,77.8311,-0.447428,88.0264,-0.0263471,
DLIAPS,77.93,-0.433409,88.1262,-0.0263367,
DLIAPS,78.0288,-0.419651,88.226,-0.026314,
DLIAPS,78.1277,-0.406152,88.3258,-0.0262791,
DLIAPS,78.2267,-0.392912,88.4256,-0.0262322,
DLIAPS,78.3256,-0.379931,88.5254,-0.0261734,
DLIAPS,78.4246,-0.367209,88.6253,-0.0261028,
DLIAPS,78.5237,-0.354744,88.7251,-0.0260207,
DLIAPS,78.6228,-0.342537,88.8249,-0.0259271,
DLIAPS,78.7219,-0.330586,88.9247,-0.0258222,
DLIAPS,78.821,-0.31889,89.0246,-0.0257063,
DLIAPS,78.9202,-0.307449,89.1244,-0.0255795,
DLIAPS,79.0194,-0.29626,89.2242,-0.0254421,
DLIAPS,79.1186,-0.285323,89.324,-0.0252942,
DLIAPS,79.2179,-0.274637,89.4239,-0.025136,
DLIAPS,79.3172,-0.2642,89.5237,-0.0249679,
DLIAPS,79.4165,-0.25401,89.6236,-0.02479,
DLIAPS,79.5158,-0.244065,89.7234,-0.0246025,
DLIAPS,79.6152,-0.234365,89.8233,-0.0244058,
DLIAPS,79.7146,-0.224906,89.9231,-0.0242,
DLIAPS,79.814,-0.215688,90.0229,-0.0239854,
DLIAPS,79.9135,-0.206707,90.1228,-0.0237623,
DLIAPS,80.0129,-0.197962,90.2227,-0.0235309,
DLIAPS,80.1124,-0.189451,90.3225,-0.0232915,
DLIAPS,80.2119,-0.181171,90.4224,-0.0230444,
DLIAPS,80.3115,-0.173119,90.5222,-0.0227898,
DLIAPS,80.411,-0.165295,90.6221,-0.022528,
DLIAPS,80.5106,-0.157693,90.722,-0.0222594,
DLIAPS,80.6102,-0.150314,90.8218,-0.0219841,
DLIAPS,80.7098,-0.143152,90.9217,-0.0217025,
DLIAPS,80.8095,-0.136206,91.0216,-0.0214149,
DLIAPS,80.9091,-0.129474,91.1215,-0.0211215,
DLIAPS,81.0088,-0.122951,91.2214,-0.0208226,
DLIAPS,81.1085,-0.116636,91.3213,-0.0205185,
DLIAPS,81.2082,-0.110524,91.4211,-0.0202095,
DLIAPS,81.3079,-0.104614,91.521,-0.019896,
DLIAPS,81.4076,-0.0989023,91.6209,-0.0195781,
DLIAPS,81.5074,-0.0933851,91.7208,-0.0192562,
DLIAPS,81.6071,-0.0880597,91.8207,-0.0189305,
DLIAPS,81.7069,-0.0829228,91.9206,-0.0186014,
DLIAPS,81.8067,-0.0779713,92.0205,-0.0182691,
DLIAPS,81.9065,-0.0732017,92.1204,-0.017934,
DLIAPS,82.0063,-0.0686109,92.2204,-0.0175962,
DLIAPS,82.1061,-0.0641954,92.3203,-0.0172561,
DLIAPS,82.2059,-0.059952,92.4202,-0.016914,
DLIAPS,82.3058,-0.0558772,92.5201,-0.0165701,
DLIAPS,82.4056,-0.0519675,92.62,-0.0162246,
DLIAPS,82.5055,-0.0482197,92.7199,-0.015878,
DLIAPS,82.6053,-0.0446302,92.8199,-0.0155304,
DLIAPS,82.7052,-0.0411957,92.9198,-0.015182,
DLIAPS,82.8051,-0.0379126,93.0197,-0.0148332,
DLIAPS,82.9049,-0.0347774,93.1196,-0.0144842,
DLIAPS,83.0048,-0.0317868,93.2196,-0.0141352,
DLIAPS,83.1047,-0.0289372,93.3195,-0.0137865,
DLIAPS,83.2046,-0.0262253,93.4194,-0.0134383,
DLIAPS,83.3045,-0.0236474,93.5194,-0.0130909,
DLIAPS,83.4044,-0.0212002,93.6193,-0.0127444,
DLIAPS,83.5043,-0.0188802,93.7192,-0.0123991,
DLIAPS,83.6042,-0.016684,93.8192,-0.0120552,
DLIAPS,83.7042,-0.0146081,93.9191,-0.0117129,
DLIAPS,83.8041,-0.0126492,94.0191,-0.0113724,
DLIAPS,83.904,-0.0108038,94.119,-0.011034,
DLIAPS,84.0039,-0.00906861,94.2189,-0.0106977,
DLIAPS,84.1039,-0.00744022,94.3189,-0.0103637,
DLIAPS,84.2038,-0.00591533,94.4188,-0.0100323,
DLIAPS,84.3037,-0.00449063,94.5188,-0.00970364,
DLIAPS,84.4037,-0.00316283,94.6187,-0.00937781,
DLIAPS,84.5036,-0.00192868,94.7187,-0.00905497,
DLIAPS,84.6036,-0.000784968,94.8186,-0.00873528,
DLIAPS,84.7035,0.000271501,94.9186,-0.00841887,
DLIAPS,84.8034,0.00124389,95.0185,-0.00810585,
DLIAPS,84.9034,0.00213531,95.1185,-0.00779635,
DLIAPS,85.0033,0.00294887,95.2184,-0.00749046,
DLIAPS,85.1033,0.00368762,95.3184,-0.0071883,
DLIAPS,85.2032,0.00435456,95.4183,-0.00688993,
DLIAPS,85.3032,0.0049527,95.5182,-0.00659544,
DLIAPS,85.4031,0.00548495,95.6182,-0.0063049,
DLIAPS,85.503,0.00595424,95.7181,-0.00601837,
DLIAPS,85.603,0.00636341,95.8181,-0.0057359,
DLIAPS,85.7029,0.0067153,95.918,-0.00545752,
DLIAPS,85.8029,0.00701268,96.018,-0.00518326,
DLIAPS,85.9028,0.00725829,96.1179,-0.00491315,
DLIAPS,86.0028,0.00745483,96.2179,-0.00464719,
DLIAPS,86.1027,0.00760496,96.3178,-0.00438537,
DLIAPS,86.2027,0.00771129,96.4178,-0.0041277,
DLIAPS,86.3026,0.00777641,96.5177,-0.00387415,
DLIAPS,86.4026,0.00780283,96.6177,-0.00362468,
DLIAPS,86.5025,0.00779306,96.7176,-0.00337925,
DLIAPS,86.6024,0.00774955,96.8175,-0.00313781,
DLIAPS,86.7024,0.00767471,96.9175,-0.00290031,
DLIAPS,86.8023,0.0075709,97.0174,-0.00266666,
DLIAPS,86.9023,0.00744047,97.1174,-0.00243679,
DLIAPS,87.0022,0.00728572,97.2173,-0.00221061,
DLIAPS,87.1021,0.00710889,97.3172,-0.00198802,
DLIAPS,87.2021,0.00691222,97.4172,-0.0017689,
DLIAPS,87.302,0.00669789,97.5171,-0.00155315,
DLIAPS,87.402,0.00646806,97.617,-0.00134064,
DLIAPS,87.5019,0.00622486,97.717,-0.00113124,
DLIAPS,87.6018,0.00597036,97.8169,-0.000924799,
DLIAPS,87.7018,0.00570664,97.9169,-0.000721184,
DLIAPS,87.8017,0.00543572,98.0168,-0.00052024,
DLIAPS,87.9016,0.00515962,98.1167,-0.00032181,
DLIAPS,88.0015,0.00488031,98.2166,-0.000125733,
DLIAPS,88.1015,0.00459975,98.3166,6.81557e-05,
DLIAPS,88.2014,0.00431988,98.4165,0.000260024,
DLIAPS,88.3013,0.00404262,98.5164,0.000450042,
DLIAPS,88.4013,0.00376985,98.6164,0.000638379,
DLIAPS,88.5012,0.00350347,98.7163,0.000825206,
DLIAPS,88.6011,0.00324533,98.8162,0.00101069,
DLIAPS,88.701,0.00299729,98.9161,0.001195,
DLIAPS,88.801,0.00276119,99.0161,0.00137829,
DLIAPS,88.9009,0.00253885,99.116,0.00156073,
DLIAPS,89.0008,0.0023321,99.2159,0.00174245,
DLIAPS,89.1007,0.00214275,99.3158,0.00192361,
DLIAPS,89.2006,0.00197261,99.4157,0.00210432,
DLIAPS,89.3006,0.00182348,99.5157,0.00228472,
DLIAPS,89.4005,0.00169716,99.6156,0.00246489,
DLIAPS,89.5004,0.00159545,99.7155,0.00264492,
DLIAPS,89.6003,0.00152015,99.8154,0.00282489,
DLIAPS,89.7002,0.00147305,99.9153,0.00220865,
DLIAPS,89.8001,0.00145594,100.015,0.00150243,
GPCur,20.0002,-9.37424e-08,20.0002,-1.46512e-06,
GPCur,20.2002,-0.000191364,20.2002,-0.0280368,
GPCur,20.4002,-0.00149584,20.4002,-0.0535781,
GPCur,20.6002,-0.0049358,20.6002,-0.0766618,
GPCur,20.8002,-0.0114371,20.8002,-0.097282,
GPCur,21.0002,-0.0218323,21.0002,-0.115393,
GPCur,21.2002,-0.0368634,21.2002,-0.130922,
GPCur,21.4002,-0.0571851,21.4002,-0.143789,
GPCur,21.6002,-0.0833676,21.6002,-0.153931,
GPCur,21.8002,-0.1159,21.8002,-0.161326,
GPCur,22.0002,-0.155193,22.0002,-0.166006,
GPCur,22.2002,-0.20158,22.2002,-0.168075,
GPCur,22.4002,-0.255326,22.4002,-0.167707,
GPCur,22.6002,-0.316624,22.6002,-0.16514,
GPCur,22.8002,-0.385599,22.8002,-0.160662,
GPCur,23.0002,-0.462316,23.0002,-0.154592,
GPCur,23.2002,-0.546778,23.2002,-0.14726,
GPCur,23.4002,-0.63893,23.4002,-0.138984,
GPCur,23.6002,-0.738663,23.6002,-0.130049,
GPCur,23.8002,-0.845817,23.8002,-0.120722,
GPCur,24.0002,-0.960183,24.0002,-0.11124,
GPCur,24.2002,-1.0815,24.2002,-0.101774,
GPCur,24.4002,-1.20948,24.4002,-0.0924576,
GPCur,24.6002,-1.34379,24.6002,-0.0833849,
GPCur,24.8002,-1.48404,24.8002,-0.0746174,
GPCur,25.0002,-1.62985,25.0002,-0.066189,
GPCur,25.2002,-1.78076,25.2002,-0.0581116,
GPCur,25.4002,-1.93632,25.4002,-0.0503794,
GPCur,25.6002,-2.09604,25.6002,-0.0429734,
GPCur,25.8002,-2.25941,25.8002,-0.0358648,
GPCur,26.0002,-2.42591,26.0002,-0.0290174,
GPCur,26.2002,-2.59499,26.2002,-0.0223903,
GPCur,26.4002,-2.7661,26.4002,-0.0159392,
GPCur,26.6002,-2.93867,26.6002,-0.00961773,
GPCur,26.8002,-3.11213,26.8002,-0.0033782,
GPCur,27.0002,-3.2859,27.0002,0.00282754,
GPCur,27.2002,-3.45941,27.2002,0.00900046,
GPCur,27.4002,-3.63209,27.4002,0.0152118,
GPCur,27.6002,-3.80337,27.6002,0.0215159,
GPCur,27.8002,-3.9727,27.8002,0.0279653,
GPCur,28.0002,-4.13954,28.0002,0.0346102,
GPCur,28.2002,-4.30335,28.2002,0.0414985,
GPCur,28.4002,-4.46362,28.4002,0.0486742,
GPCur,28.6002,-4.61986,28.6002,0.0561765,
GPCur,28.8002,-4.77158,28.8002,0.0640378,
GPCur,29.0002,-4.91832,29.0002,0.0722812,
GPCur,29.2002,-5.05965,29.2002,0.0809176,
GPCur,29.4002,-5.19516,29.4002,0.0899419,
GPCur,29.6002,-5.32446,29.6002,0.0993282,
GPCur,29.8002,-5.4472,29.8002,0.109026,
GPCur,30.0002,-5.56306,30.0002,0.118952,
GPCur,30.2002,-5.67174,30.2002,0.128992,
GPCur,30.4002,-5.77299,30.4002,0.13899,
GPCur,30.6002,-5.86659,30.6002,0.149892,
GPCur,30.8002,-5.9523,30.8002,0.161039,
GPCur,31.0002,-6.0299,31.0002,0.170968,
GPCur,31.2002,-6.09923,31.2002,0.179531,
GPCur,31.4002,-6.16021,31.4002,0.186613,
GPCur,31.6002,-6.21282,31.6002,0.192156,
GPCur,31.8002,-6.25705,31.8002,0.196169,
GPCur,32.0002,-6.29296,32.0002,0.198733,
GPCur,32.2002,-6.32062,32.2002,0.200001,
GPCur,32.4002,-6.34011,32.4002,0.200188,
GPCur,32.6002,-6.35153,32.6002,0.199554,
GPCur,32.8002,-6.35494,32.8002,0.198388,
GPCur,33.0002,-6.35042,33.0002,0.196987,
GPCur,33.2002,-6.33799,33.2002,0.195634,
GPCur,33.4002,-6.31765,33.4002,0.194585,
GPCur,33.6002,-6.28935,33.6002,0.194049,
GPCur,33.8002,-6.25298,33.8002,0.194172,
GPCur,34.0002,-6.20836,34.0002,0.195031,
GPCur,34.2002,-6.15523,34.2002,0.194539,
GPCur,34.4002,-6.09333,34.4002,0.193063,
GPCur,34.6002,-6.0224,34.6002,0.190495,
GPCur,34.8002,-5.94216,34.8002,0.186781,
GPCur,35.0002,-5.85234,35.0002,0.181921,
GPCur,35.2002,-5.75266,35.2002,0.175971,
GPCur,35.4002,-5.64287,35.4002,0.169034,
GPCur,35.6002,-5.5227,35.6002,0.161252,
GPCur,35.8002,-5.39192,35.8002,0.152794,
GPCur,36.0002,-5.25033,36.0002,0.143843,
GPCur,36.2002,-5.09773,36.2002,0.134584,
GPCur,36.4002,-4.93398,36.4002,0.125189,
GPCur,36.6002,-4.75897,36.6002,0.115817,
GPCur,36.8002,-4.57263,36.8002,0.106599,
GPCur,37.0002,-4.37493,37.0002,0.0976424,
GPCur,37.2002,-4.16591,37.2002,0.0890274,
GPCur,37.4002,-3.94564,37.4002,0.0808086,
GPCur,37.6002,-3.7143,37.6002,0.072936,
GPCur,37.8002,-3.4721,37.8002,0.0653562,
GPCur,38.0002,-3.21937,38.0002,0.058176,
GPCur,38.2002,-2.95655,38.2002,0.0514196,
GPCur,38.4002,-2.68414,38.4002,0.0450833,
GPCur,38.6002,-2.40275,38.6002,0.0391428,
GPCur,38.8002,-2.11306,38.8002,0.0335591,
GPCur,39.0002,-1.81586,39.0002,0.0282819,
GPCur,39.2002,-1.51201,39.2002,0.0232526,
GPCur,39.4002,-1.20245,39.4002,0.0184053,
GPCur,39.6002,-0.88821,39.6002,0.0136668,
GPCur,39.8002,-0.570398,39.8002,0.00895594,
GPCur,40.0002,-0.250198,40.0002,0.00418068,
GPCur,40.2002,0.071125,40.2002,-0.000764937,
GPCur,40.4002,0.392235,40.4002,-0.00600628,
GPCur,40.6002,0.711719,40.6002,-0.0116956,
GPCur,40.8002,1.02809,40.8002,-0.0180224,
GPCur,41.0002,1.3398,41.0002,-0.0252287,
GPCur,41.2002,1.64491,41.2002,-0.0408844,
GPCur,41.4002,1.94044,41.4002,-0.0564424,
GPCur,41.6002,2.22371,41.6002,-0.0724547,
GPCur,41.8002,2.49263,41.8002,-0.0892277,
GPCur,42.0002,2.74571,42.0002,-0.10683,
GPCur,42.2002,2.98196,42.2002,-0.125068,
GPCur,42.4002,3.20085,42.4002,-0.143457,
GPCur,42.6002,3.40225,42.6002,-0.161205,
GPCur,42.8002,3.58642,42.8002,-0.177253,
GPCur,43.0002,3.75388,43.0002,-0.19038,
GPCur,43.2002,3.90544,43.2002,-0.199397,
GPCur,43.4002,4.0421,43.4002,-0.203378,
GPCur,43.6002,4.165,43.6002,-0.201887,
GPCur,43.8002,4.27539,43.8002,-0.195119,
GPCur,44.0002,4.37457,44.0002,-0.18392,
GPCur,44.2002,4.46382,44.2002,-0.16968,
GPCur,44.4002,4.54437,44.4002,-0.154162,
GPCur,44.6002,4.61733,44.6002,-0.143231,
GPCur,44.8002,4.68347,44.8002,-0.136805,
GPCur,45.0002,4.74331,45.0002,-0.130781,
GPCur,45.2002,4.79726,45.2002,-0.125333,
GPCur,45.4002,4.84569,45.4002,-0.120592,
GPCur,45.6002,4.88892,45.6002,-0.116648,
GPCur,45.8002,4.92718,45.8002,-0.11356,
GPCur,46.0002,4.96067,46.0002,-0.111357,
GPCur,46.2002,4.98954,46.2002,-0.110041,
GPCur,46.4002,5.01389,46.4002,-0.109596,
GPCur,46.6002,5.03377,46.6002,-0.109986,
GPCur,46.8002,5.04919,46.8002,-0.111159,
GPCur,47.0002,5.06014,47.0002,-0.113048,
GPCur,47.2002,5.06655,47.2002,-0.115574,
GPCur,47.4002,5.06833,47.4002,-0.118645,
GPCur,47.6002,5.06536,47.6002,-0.122155,
GPCur,47.8002,5.0575,47.8002,-0.125989,
GPCur,48.0002,5.04458,48.0002,-0.130021,
GPCur,48.2002,5.0264,48.2002,-0.135411,
GPCur,48.4002,5.00272,48.4002,-0.140558,
GPCur,48.6002,4.97326,48.6002,-0.145257,
GPCur,48.8002,4.93776,48.8002,-0.149311,
GPCur,49.0002,4.89596,49.0002,-0.152537,
GPCur,49.2002,4.84758,49.2002,-0.154774,
GPCur,49.4002,4.79238,49.4002,-0.155894,
GPCur,49.6002,4.73012,49.6002,-0.155808,
GPCur,49.8002,4.6606,49.8002,-0.154468,
GPCur,50.0002,4.58361,50.0002,-0.151876,
GPCur,50.2002,4.49901,50.2002,-0.148075,
GPCur,50.4002,4.40667,50.4002,-0.143149,
GPCur,50.6002,4.3065,50.6002,-0.137213,
GPCur,50.8002,4.19848,50.8002,-0.130403,
GPCur,51.0002,4.0826,51.0002,-0.122867,
GPCur,51.2002,3.95896,51.2002,-0.114752,
GPCur,51.4002,3.82766,51.4002,-0.106197,
GPCur,51.6002,3.6889,51.6002,-0.0975469,
GPCur,51.8002,3.54292,51.8002,-0.0891978,
GPCur,52.0002,3.39001,52.0002,-0.0811123,
GPCur,52.2002,3.23047,52.2002,-0.0733507,
GPCur,52.4002,3.06464,52.4002,-0.0659483,
GPCur,52.6002,2.8929,52.6002,-0.0589206,
GPCur,52.8002,2.71565,52.8002,-0.0522675,
GPCur,53.0002,2.53332,53.0002,-0.0459776,
GPCur,53.2002,2.34635,53.2002,-0.0400314,
GPCur,53.4002,2.15521,53.4002,-0.0344038,
GPCur,53.6002,1.96037,53.6002,-0.0290664,
GPCur,53.8001,1.76233,53.8002,-0.0239889,
GPCur,54.0001,1.56159,54.0002,-0.0191406,
GPCur,54.2001,1.35865,54.2002,-0.0144911,
GPCur,54.4001,1.15402,54.4002,-0.010011,
GPCur,54.6001,0.948214,54.6002,-0.00567263,
GPCur,54.8001,0.741734,54.8002,-0.00145049,
GPCur,55.0001,0.535081,55.0002,0.00267844,
GPCur,55.2001,0.328743,55.2002,0.00664124,
GPCur,55.4001,0.123191,55.4002,0.0105686,
GPCur,55.6001,-0.0811212,55.6002,0.0144926,
GPCur,55.8001,-0.283751,55.8002,0.0184431,
GPCur,56.0001,-0.484269,56.0002,0.0224477,
GPCur,56.2001,-0.682261,56.2002,0.0265323,
GPCur,56.4001,-0.877329,56.4002,0.0307209,
GPCur,56.6001,-1.06909,56.6002,0.0350355,
GPCur,56.8001,-1.25717,56.8002,0.039496,
GPCur,57.0001,-1.44123,57.0002,0.0441197,
GPCur,57.2001,-1.62093,57.2002,0.0489207,
GPCur,57.4001,-1.79596,57.4002,0.0539095,
GPCur,57.6001,-1.96602,57.6002,0.059092,
GPCur,57.8001,-2.13083,57.8002,0.0644684,
GPCur,58.0001,-2.29015,58.0002,0.0700322,
GPCur,58.2001,-2.44374,58.2002,0.0757688,
GPCur,58.4001,-2.59138,58.4002,0.0816541,
GPCur,58.6001,-2.73288,58.6002,0.0877347,
GPCur,58.8001,-2.86808,58.8002,0.0939754,
GPCur,59.0001,-2.99681,59.0002,0.100258,
GPCur,59.2001,-3.11894,59.2002,0.106535,
GPCur,59.4001,-3.23438,59.4002,0.112751,
GPCur,59.6001,-3.34302,59.6002,0.11884,
GPCur,59.8001,-3.44481,59.8002,0.124727,
GPCur,60.0001,-3.53969,60.0002,0.130334,
GPCur,60.2001,-3.62765,60.2002,0.135576,
GPCur,60.4001,-3.70867,60.4002,0.140367,
GPCur,60.6001,-3.78276,60.6002,0.144623,
GPCur,60.8001,-3.84996,60.8002,0.148265,
GPCur,61.0001,-3.9103,61.0002,0.151224,
GPCur,61.2001,-3.96384,61.2002,0.15344,
GPCur,61.4001,-4.01065,61.4002,0.154871,
GPCur,61.6001,-4.05083,61.6002,0.15549,
GPCur,61.8001,-4.08447,61.8002,0.15529,
GPCur,62.0001,-4.11169,62.0002,0.154282,
GPCur,62.2001,-4.13259,62.2002,0.15255,
GPCur,62.4001,-4.14733,62.4002,0.15009,
GPCur,62.6001,-4.15603,62.6002,0.146954,
GPCur,62.8001,-4.15884,62.8002,0.143206,
GPCur,63.0001,-4.15593,63.0002,0.138916,
GPCur,63.2001,-4.14745,63.2002,0.134162,
GPCur,63.4001,-4.13359,63.4002,0.129019,
GPCur,63.6001,-4.11451,63.6002,0.123567,
GPCur,63.8001,-4.0904,63.8002,0.117879,
GPCur,64.0001,-4.06145,64.0002,0.112024,
GPCur,64.2001,-4.02785,64.2002,0.106067,
GPCur,64.4001,-3.98981,64.4002,0.100064,
GPCur,64.6001,-3.94752,64.6002,0.0940655,
GPCur,64.8001,-3.90119,64.8002,0.0881134,
GPCur,65.0001,-3.85101,65.0002,0.0822436,
GPCur,65.2001,-3.79721,65.2002,0.0764855,
GPCur,65.4001,-3.73999,65.4002,0.0708624,
GPCur,65.6001,-3.67956,65.6002,0.0653874,
GPCur,65.8001,-3.61613,65.8002,0.0600764,
GPCur,66.0001,-3.5499,66.0002,0.0549404,
GPCur,66.2001,-3.4811,66.2002,0.0499803,
GPCur,66.4001,-3.40991,66.4002,0.0451951,
GPCur,66.6001,-3.33655,66.6002,0.0405818,
GPCur,66.8001,-3.26122,66.8002,0.0361365,
GPCur,67.0001,-3.18411,67.0002,0.031854,
GPCur,67.2001,-3.10543,67.2002,0.0277288,
GPCur,67.4001,-3.02537,67.4002,0.0237552,
GPCur,67.6001,-2.94412,67.6002,0.0199272,
GPCur,67.8001,-2.86186,67.8002,0.0162393,
GPCur,68.0001,-2.77878,68.0002,0.0126863,
GPCur,68.2001,-2.69505,68.2002,0.00926345,
GPCur,68.4001,-2.61085,68.4002,0.00596677,
GPCur,68.6001,-2.52634,68.6002,0.00279297,
GPCur,68.8001,-2.44169,68.8002,-0.000260358,
GPCur,69.0001,-2.35705,69.0002,-0.00319471,
GPCur,69.2001,-2.27258,69.2002,-0.00599349,
GPCur,69.4001,-2.18841,69.4002,-0.00868185,
GPCur,69.6001,-2.10468,69.6002,-0.0112654,
GPCur,69.8001,-2.02153,69.8002,-0.0137489,
GPCur,70.0001,-1.93907,70.0002,-0.0161361,
GPCur,70.2001,-1.85743,70.2002,-0.0184301,
GPCur,70.4001,-1.77672,70.4002,-0.0206331,
GPCur,70.6001,-1.69703,70.6002,-0.0227467,
GPCur,70.8001,-1.61848,70.8002,-0.0247716,
GPCur,71.0001,-1.54115,71.0002,-0.0267081,
GPCur,71.2001,-1.46514,71.2002,-0.0285556,
GPCur,71.4001,-1.39051,71.4002,-0.0303134,
GPCur,71.6001,-1.31736,71.6002,-0.0319797,
GPCur,71.8001,-1.24574,71.8002,-0.0335529,
GPCur,72.0001,-1.17573,72.0002,-0.0350304,
GPCur,72.2001,-1.10737,72.2002,-0.0364097,
GPCur,72.4001,-1.04073,72.4002,-0.0376878,
GPCur,72.6001,-0.975845,72.6002,-0.0388657,
GPCur,72.8001,-0.912759,72.8002,-0.0399466,
GPCur,73.0001,-0.851508,73.0002,-0.0409278,
GPCur,73.2001,-0.792122,73.2002,-0.0418088,
GPCur,73.4001,-0.734626,73.4002,-0.0425892,
GPCur,73.6001,-0.679042,73.6002,-0.043269,
GPCur,73.8001,-0.625386,73.8002,-0.0438481,
GPCur,74.0001,-0.573668,74.0002,-0.0443267,
GPCur,74.2001,-0.523898,74.2002,-0.0447052,
GPCur,74.4001,-0.476077,74.4002,-0.0449845,
GPCur,74.6001,-0.430206,74.6002,-0.0451656,
GPCur,74.8001,-0.386279,74.8002,-0.0452498,
GPCur,75.0001,-0.344288,75.0002,-0.0452389,
GPCur,75.2001,-0.304223,75.2002,-0.0451349,
GPCur,75.4001,-0.266066,75.4002,-0.04494,
GPCur,75.6001,-0.229802,75.6002,-0.0446571,
GPCur,75.8001,-0.195407,75.8002,-0.044289,
GPCur,76.0001,-0.162859,76.0002,-0.043839,
GPCur,76.2001,-0.132131,76.2002,-0.0433179,
GPCur,76.4001,-0.103193,76.4002,-0.0427228,
GPCur,76.6001,-0.0760145,76.6002,-0.0420571,
GPCur,76.8001,-0.050562,76.8002,-0.041324,
GPCur,77.0001,-0.0268,77.0002,-0.0405271,
GPCur,77.2001,-0.00469099,77.2002,-0.0396702,
GPCur,77.4001,0.0158043,77.4002,-0.0387571,
GPCur,77.6001,0.0347268,77.6002,-0.0377916,
GPCur,77.8001,0.0521191,77.8002,-0.0367779,
GPCur,78.0001,0.068025,78.0002,-0.03572,
GPCur,78.2001,0.0824899,78.2002,-0.034622,
GPCur,78.4001,0.0955601,78.4002,-0.0334882,
GPCur,78.6001,0.107283,78.6002,-0.0323225,
GPCur,78.8001,0.117707,78.8002,-0.0311293,
GPCur,79.0001,0.126882,79.0002,-0.0299125,
GPCur,79.2001,0.134857,79.2002,-0.0286763,
GPCur,79.4001,0.141683,79.4002,-0.0274247,
GPCur,79.6001,0.14741,79.6002,-0.0261619,
GPCur,79.8001,0.152089,79.8002,-0.0248906,
GPCur,80.0001,0.155772,80.0002,-0.0236131,
GPCur,80.2001,0.158511,80.2002,-0.0223321,
GPCur,80.4001,0.160355,80.4002,-0.0210504,
GPCur,80.6001,0.161358,80.6002,-0.0197704,
GPCur,80.8001,0.16157,80.8002,-0.0184948,
GPCur,81.0001,0.161042,81.0002,-0.0172261,
GPCur,81.2001,0.159825,81.2002,-0.0159666,
GPCur,81.4001,0.157969,81.4002,-0.0147187,
GPCur,81.6001,0.155525,81.6002,-0.0134848,
GPCur,81.8001,0.152541,81.8002,-0.0122672,
GPCur,82.0001,0.149065,82.0002,-0.011068,
GPCur,82.2001,0.145147,82.2002,-0.00988944,
GPCur,82.4001,0.140833,82.4002,-0.00873377,
GPCur,82.6001,0.136169,82.6002,-0.00760311,
GPCur,82.8001,0.131201,82.8002,-0.00649959,
GPCur,83.0001,0.125972,83.0002,-0.00542531,
GPCur,83.2001,0.120527,83.2002,-0.00438101,
GPCur,83.4001,0.114905,83.4002,-0.00336905,
GPCur,83.6001,0.109149,83.6002,-0.00239115,
GPCur,83.8001,0.103296,83.8002,-0.00144901,
GPCur,84.0001,0.0973855,84.0002,-0.000544341,
GPCur,84.2001,0.091453,84.2002,0.000321146,
GPCur,84.4001,0.0855333,84.4002,0.00114573,
GPCur,84.6001,0.0796592,84.6002,0.0019277,
GPCur,84.8001,0.0738623,84.8002,0.00266531,
GPCur,85.0001,0.0681719,85.0002,0.00335682,
GPCur,85.2001,0.0626158,85.2002,0.0040005,
GPCur,85.4001,0.0572197,85.4002,0.00459458,
GPCur,85.6001,0.0520075,85.6002,0.0051373,
GPCur,85.8001,0.0470007,85.8002,0.00562689,
GPCur,86.0001,0.0422191,86.0002,0.00606158,
GPCur,86.2001,0.0376799,86.2002,0.00643959,
GPCur,86.4001,0.0333983,86.4002,0.00675914,
GPCur,86.6001,0.029387,86.6002,0.00701872,
GPCur,86.8001,0.0256565,86.8002,0.00721666,
GPCur,87.0001,0.0222145,87.0002,0.00735094,
GPCur,87.2001,0.0190664,87.2002,0.00741979,
GPCur,87.4001,0.0162151,87.4002,0.00742146,
GPCur,87.6001,0.0136604,87.6002,0.0073542,
GPCur,87.8001,0.0113997,87.8002,0.00721626,
GPCur,88.0001,0.00942752,88.0002,0.0070059,
GPCur,88.2001,0.00773533,88.2002,0.00672137,
GPCur,88.4001,0.00631176,88.4002,0.00636094,
GPCur,88.6001,0.00514239,88.6002,0.00592288,
GPCur,88.8001,0.00420967,88.8002,0.00540546,
GPCur,89.0001,0.00349291,89.0002,0.00480695,
GPCur,89.2001,0.00296815,89.2002,0.00412563,
GPCur,89.4001,0.00260813,89.4002,0.00335977,
GPCur,89.6001,0.00238222,89.6002,0.00250765,
GPCur,89.8001,0.00225631,89.8002,0.00156752,
